Fri May 05 21:44:12 +0800 2023,"qq音乐点评：40星琼<a target=""_blank"" href=""//weibo.cn/sinaurl?u=https%3A%2F%2Fy.qq.com%2Fforest%2Ft3S2rcYLfwsuz8z5%2Findex.html%3FADATG%3Dhz_yx_xc_xqgd%26lang%3Dzh-cn%26plat_type%3Dandroid%26share_origin_id%3D401e749c-600c-42e8-8747-cde3684d42a2%26share_session_id%3D401e749c-600c-42e8-8747-cde3684d42a2%26ADTAG%3Dwxfshare""><img class=""icon-link"" src=""https://h5.sinaimg.cn/upload/2015/09/25/3/timeline_card_small_web_default.png""/>网页链接</a>"
Fri May 05 21:45:24 +0800 2023,"vx公众号签到15天，40星琼<a target=""_blank"" href=""//weibo.cn/sinaurl?u=https%3A%2F%2Fwebstatic.mihoyo.com%2Fsr%2Fevent%2Ffe-pointsmall-0qqlh2%2Findex.html""><img class=""icon-link"" src=""https://h5.sinaimg.cn/upload/2015/09/25/3/timeline_card_small_web_default.png""/>网页链接</a>"
Sat Apr 29 11:53:32 +0800 2023,新增支付宝绿色出行活动，40星琼
Fri Apr 28 02:28:34 +0800 2023,虎牙、斗鱼，观看20分钟直播，各30星琼
Fri Apr 28 02:08:40 +0800 2023,还有一个h5开拓指南活动哦，60星琼
Fri Apr 28 09:47:55 +0800 2023,好游快爆抽奖，80星穹
Fri Apr 28 00:02:37 +0800 2023,微博签到到几号
Fri May 05 12:58:21 +0800 2023,qq音乐：40星琼，抽奖50星穹
Mon May 01 13:09:29 +0800 2023,"还有几个隐藏的,允悲"
Fri Apr 28 01:37:25 +0800 2023,微信游戏圈那个怎么弄啊 谢谢谢谢！
Sat Apr 29 12:04:55 +0800 2023,"微博签到时间限制是几天？,doge"
Fri Apr 28 17:17:15 +0800 2023,电脑怎么搞？
Sat May 27 01:09:34 +0800 2023,1
Fri Apr 28 02:26:15 +0800 2023,",赢牛奶"
Fri Apr 28 01:38:20 +0800 2023,"好的,打call"
Wed May 17 23:41:37 +0800 2023,微博签到在哪？
Wed May 03 05:41:28 +0800 2023,为什么我找不到微博签到……
Sun Apr 30 17:06:05 +0800 2023,"还有几个隐藏的 在我弟一条,允悲"
Sat Apr 29 23:16:23 +0800 2023,"感谢博主，支付宝抽了一个光锥小卡,打call"
Tue Apr 25 23:14:02 +0800 2023,"对了姥爷明天抽卡视频还发嘛,开学季"
Tue Apr 25 23:10:03 +0800 2023,"姥爷码有什么奖励啊,二哈"
Tue Apr 25 23:21:30 +0800 2023,"谢谢很详细了,打call"
Tue Apr 25 23:17:53 +0800 2023,板鸭是哪个角色吖
Tue Apr 25 23:17:35 +0800 2023,这游戏0氪或少氪能玩吗？
Tue Apr 25 23:08:19 +0800 2023,好的谢谢
Tue Apr 25 23:40:43 +0800 2023,电脑可以玩吗
Tue Apr 25 23:11:46 +0800 2023,"谢谢姥爷,送花花"
Wed Apr 26 00:26:57 +0800 2023,"萌新提问：米游社零氪党预抽卡没有抽到想要的可以先不点进背包吗？我怕没点进去背包明天进游预抽卡活动就失效了，就亏了一大波,泪"
Wed Apr 26 07:05:33 +0800 2023,板鸭是谁…萌新听不懂昵称呜呜…
Wed Apr 26 10:23:57 +0800 2023,"板鸭..老杨是谁啊,泪"
Fri Apr 28 23:00:19 +0800 2023,"老爷老爷，新手10抽出金，普池20抽2个金,打call"
Wed Apr 26 06:57:35 +0800 2023,"崩铁开服，yys开活动，原神开大活动，真·劳动节,doge"
Wed Apr 26 01:25:14 +0800 2023,转了
Tue Apr 25 23:26:05 +0800 2023,码住！谢谢七老爷
Wed Apr 26 23:35:03 +0800 2023,蹲
Wed Apr 26 13:38:47 +0800 2023,码住
Wed Apr 26 11:27:06 +0800 2023,板鸭是谁啊
Wed Apr 26 11:18:18 +0800 2023,转发微博
Wed Apr 26 08:33:11 +0800 2023,姥爷 如果40抽前出金 新手卡池留到什么时候再抽啊
Thu Apr 20 12:18:21 +0800 2023,铁道项目组的精神状况令人担忧
Thu Apr 20 12:18:08 +0800 2023,"啊啊啊我以为是正经的项目组纪录片结果看一半发现不太对劲,拜拜"
Thu Apr 20 12:20:12 +0800 2023,梗里做了个游戏，太多想吐槽了
Thu Apr 20 13:07:37 +0800 2023,"跑路就过分了，更过分的是带着楼一起跑，这辈子都玩不上铁道了,泪"
Thu Apr 20 17:22:19 +0800 2023,《我出技术，你当法人》你别太离谱哈哈哈哈哈哈哈哈哈哈
Thu Apr 20 12:48:45 +0800 2023,",doge"
Thu Apr 20 12:22:50 +0800 2023,"不是，我以为你们真的是在认真采访啊啊啊啊啊啊啊啊,哆啦A梦害怕"
Thu Apr 20 17:03:47 +0800 2023,看到艰难的决定，还以为你们要吧大伟哥吊起来打
Thu Apr 20 12:57:14 +0800 2023,传下去，米哈游大楼没了
Thu Apr 20 14:29:17 +0800 2023,你们是真整活啊我差点就信了
Thu Apr 20 17:06:04 +0800 2023,做了一个违背祖宗的决定
Thu Apr 20 18:10:16 +0800 2023,"你知道我多真情实感的在看采访吗,泪"
Thu Apr 20 17:47:31 +0800 2023,查询精神状态
Thu Apr 20 15:02:46 +0800 2023,"太难过了 几十年之后等我退休了再玩吧 ,泪"
Thu Apr 20 21:28:34 +0800 2023,"你们……,哆啦A梦害怕"
Fri Apr 21 07:29:07 +0800 2023,看到你们的精神状态这么不稳定我也就放心了🙏
Thu Apr 20 12:16:42 +0800 2023,"大哥你看起来精神状态有点子神奇……,哆啦A梦害怕"
Thu Apr 20 12:55:15 +0800 2023,"我精神状态挺好的呀,奋斗"
Thu Apr 20 12:23:47 +0800 2023,你们真的是一本正经来搞笑的吧哈哈哈哈
Thu Apr 20 12:09:28 +0800 2023,"我已经准备好一上线就把所有双倍冲了并签下大小合同（月卡）,doge"
Tue Apr 25 23:14:02 +0800 2023,"对了姥爷明天抽卡视频还发嘛,开学季"
Tue Apr 25 23:10:03 +0800 2023,"姥爷码有什么奖励啊,二哈"
Tue Apr 25 23:21:30 +0800 2023,"谢谢很详细了,打call"
Tue Apr 25 23:17:53 +0800 2023,板鸭是哪个角色吖
Tue Apr 25 23:17:35 +0800 2023,这游戏0氪或少氪能玩吗？
Tue Apr 25 23:08:19 +0800 2023,好的谢谢
Tue Apr 25 23:40:43 +0800 2023,电脑可以玩吗
Tue Apr 25 23:11:46 +0800 2023,"谢谢姥爷,送花花"
Wed Apr 26 00:26:57 +0800 2023,"萌新提问：米游社零氪党预抽卡没有抽到想要的可以先不点进背包吗？我怕没点进去背包明天进游预抽卡活动就失效了，就亏了一大波,泪"
Wed Apr 26 07:05:33 +0800 2023,板鸭是谁…萌新听不懂昵称呜呜…
Wed Apr 26 10:23:57 +0800 2023,"板鸭..老杨是谁啊,泪"
Fri Apr 28 23:00:19 +0800 2023,"老爷老爷，新手10抽出金，普池20抽2个金,打call"
Wed Apr 26 06:57:35 +0800 2023,"崩铁开服，yys开活动，原神开大活动，真·劳动节,doge"
Wed Apr 26 01:25:14 +0800 2023,转了
Tue Apr 25 23:26:05 +0800 2023,码住！谢谢七老爷
Wed Apr 26 23:35:03 +0800 2023,蹲
Wed Apr 26 13:38:47 +0800 2023,码住
Wed Apr 26 11:27:06 +0800 2023,板鸭是谁啊
Wed Apr 26 11:18:18 +0800 2023,转发微博
Wed Apr 26 08:33:11 +0800 2023,姥爷 如果40抽前出金 新手卡池留到什么时候再抽啊
Mon May 22 13:23:19 +0800 2023,"祝你好运,哈哈"
Mon May 22 13:24:03 +0800 2023,"厉害,哇"
Mon May 22 20:25:06 +0800 2023,"不是肝疼，是想肝都没法肝啊，一天就那点体力够干啥的,允悲"
Tue May 23 03:03:46 +0800 2023,"慢慢来，用5天狂肝然后长草50天我觉得不是正常的手游节奏，手游就该每天10分钟解决战斗，别像原神一样重度到清地图还要开着视频攻略，精力时间成本爆棚,doge"
Wed May 24 21:54:53 +0800 2023,"我已经觉得自己可以一两周不用刷遗器了,doge"
Mon May 22 14:50:11 +0800 2023,后面有90级？是不是原神玩混了？
Wed May 24 17:30:54 +0800 2023,忘却拉俩盾/辅+俩c就行，混沌倒是要拉满两队
Tue May 23 17:36:01 +0800 2023,"我打这些野怪出的材料都是去打模拟的，感觉那更好找还多，还能顺便刷技能树开图鉴,doge"
Wed May 24 12:19:15 +0800 2023,打模拟宇宙或者锄大地，这些材料不会少的，就是体力太少了，但是刚开服，慢慢来就是了
Tue May 23 17:34:39 +0800 2023,"肝无所谓，重要的是没体力肝啊，今天到了五十级，然后一看需要用的体力实在是太多了，根本没体,允悲"
Mon May 22 21:46:46 +0800 2023,"放心 没有体力给你 肝不了的,doge"
Thu May 25 11:09:05 +0800 2023,我到现在一直在刷天赋，遗器一次也没打
Wed May 24 21:18:54 +0800 2023,怎么做到攻击这么高的呢？
Wed May 24 16:49:06 +0800 2023,"慢慢来，开服才一个月，必定不能肝满8个角色,二哈"
Tue May 23 17:27:44 +0800 2023,"没必要，这游戏才开服一个月吧,允悲"
Tue May 23 09:44:49 +0800 2023,"也没啥可肝的，主要是没体力肝啊,摊手"
Tue May 23 08:37:47 +0800 2023,肝倒是还好，主要是体力太少干着急
Tue May 23 08:09:35 +0800 2023,"我拉满70级还有1000多个幼芽，天天清地图,doge"
Tue May 23 01:16:57 +0800 2023,0+1吗楼主？
Mon May 22 20:17:18 +0800 2023,"每次想想其实游戏才开服一个月不到我就得到安慰了,哼"
Mon May 22 12:01:23 +0800 2023,多来点体力，多整点活动，这长草期太太太长了，体力赠送机制可以向隔壁学一下啊
Mon May 22 12:12:58 +0800 2023,1.升级回复180体力 2.增加午餐晚餐夜宵体力补给 3.既然不发这么多体力请下调副本体力消耗量
Mon May 22 12:26:59 +0800 2023,搞什么啊你体力这么少明明是个回合制游戏居然和原神一样的保底机制，获取途径又那么少，，非得要死，别人萌新期起码3金，你给我两武器？几个意思？
Mon May 22 12:28:30 +0800 2023,"体力不够啊米,疑问"
Mon May 22 12:35:26 +0800 2023,"多给点体力，,苦涩"
Mon May 22 12:50:24 +0800 2023,"mhy你是不是不会做回合制啊,哆啦A梦害怕"
Mon May 22 15:36:09 +0800 2023,体力是真的无解，nga有帖子计算，养成2队，8个人完全体，80级和圣遗物主持条对的上，遗迹生满得一年，回合制卡资源卡怎么死，策划是不是吃8斤屎想出来的
Mon May 22 12:35:23 +0800 2023,又没有体力又没有活动，你是回合制不是大世界啊！！！
Mon May 22 13:38:21 +0800 2023,"我怀疑你是不是本来想把这个做成原神副游结果发现变成好多人主游了,哆啦A梦害怕"
Mon May 22 12:21:33 +0800 2023,"体力呀体力呀，策划给多点体力上限和恢复速度不行吗，一天上线十几分钟用完就下线了,允悲"
Mon May 22 15:52:24 +0800 2023,"不仅是体力问题，而是你游目前完全没有能让人肝的玩法，没活动没pvp没体力没任务没支线，开服第一个月纯让人长草是吧？你到底哪里来的自信搞成这样的游戏大家还愿意陪你等下去啊,疑问"
Mon May 22 13:35:27 +0800 2023,"模拟宇宙奖励也太少了，送多送几张沉浸奖励券很难吗,开学季"
Mon May 22 13:22:16 +0800 2023,体力太少了哥们，要么下调体力需求要么增加上限，要练那么多角色，遗器又这么难刷，你还不像你姐圣遗物可以搭一个散件，你全要套装啊哥们儿
Mon May 22 16:05:26 +0800 2023,"我怎么觉得铁道遗物比隔壁难刷,生病"
Mon May 22 14:39:48 +0800 2023,没原神那个游戏性，别学原神的排期，真把自己当原神了？
Mon May 22 12:54:35 +0800 2023,希望你多听网友的意见，不要一意孤行
Mon May 22 16:04:35 +0800 2023,"你但凡月卡里面加一罐燃料都会有很多人买，会不会赚钱啊，搞得我现在都觉得给这游戏充钱完全智商税，除非氪佬，你明明有很多钱可以赚但是偏不，想尽办法为我们省钱，你真的我哭死,泪"
Mon May 22 16:56:09 +0800 2023,说实话玩法我都无所谓，我对星铁最大的兴趣就是剧情和梗，多搞点支线啊，多搞点角色间的互动啊！小剧情玩起来，咱开拓者除了拯救世界不就是星际旅行，旅行途中所见所闻怎么可以那么少，让我去听希露瓦的演唱会，让我去和青雀打麻将，让我去和景元对练下棋，让我去和彦卿一起买藏品，让我去和姬子煮咖啡
Mon May 22 13:33:21 +0800 2023,每日活跃度奖励加两管燃料，这要求不过分吧？
Mon May 22 12:11:36 +0800 2023,卧槽？！！！你真把孙晔老师请来了？！！！！
Fri Mar 31 18:14:34 +0800 2023,预约人数这么多，还真是令人意外，两千万真的厉害。
Fri Mar 31 18:06:26 +0800 2023,等开服的时候预约会不会更高呢，感觉很有可能呀
Fri Mar 31 18:01:26 +0800 2023,真的绝了
Fri Mar 31 18:01:25 +0800 2023,可以可以啊
Fri Mar 31 18:19:54 +0800 2023,几年人数就翻了好几翻 说明很喜欢的人 是越来越多了
Fri Mar 31 18:16:59 +0800 2023,"预约竟然突破两千万 这个数字真是把我们给惊到了 ,打call"
Fri Mar 31 18:14:51 +0800 2023,没想到这么牛，从80万预约到了2000万，真的佩服啊
Fri Mar 31 18:32:29 +0800 2023,mhy牛逼就完事啦
Fri Mar 31 18:31:05 +0800 2023,"哈哈哈确实是这样,doge"
Fri Mar 31 18:20:05 +0800 2023,彻底被这个数字给破防到了，简直就是妥妥的实力啊！
Fri Mar 31 18:18:40 +0800 2023,我真有被这个数字惊讶到了，预约量居然这么的高破两千万了
Fri Mar 31 18:37:34 +0800 2023,这个数字吓到我了！没想到这么多
Fri Mar 31 18:01:22 +0800 2023,可以可以啊
Fri Mar 31 18:01:23 +0800 2023,可以可以啊
Fri Mar 31 18:01:23 +0800 2023,真的很好哎 支持你哦
Fri Mar 31 18:01:23 +0800 2023,很喜欢这个，不错
Fri Mar 31 18:01:23 +0800 2023,真的绝了
Fri Mar 31 18:01:23 +0800 2023,很喜欢这个，不错
Fri Mar 31 18:01:22 +0800 2023,很喜欢这个，不错
Fri May 26 20:45:05 +0800 2023,啥时候喔
Fri May 26 20:23:38 +0800 2023,原神学学人家啊 奖励少得可怜
Fri May 26 20:25:01 +0800 2023,？？是因为刚开服吗？福利那么多
Fri May 26 20:26:50 +0800 2023,原神你学学
Sat May 27 00:23:57 +0800 2023,"崩坏我好满意,泪"
Fri May 26 23:16:32 +0800 2023,"好爱,泪"
Fri May 26 21:37:21 +0800 2023,"等卡芙卡,doge"
Fri May 26 20:29:26 +0800 2023,"<a href=/n/原神 usercard=""name=@原神"">@原神</a>"
Fri May 26 21:12:26 +0800 2023,"更爱了,亲亲"
Fri May 26 23:46:35 +0800 2023,"游戏都删了,二哈"
Wed Apr 26 08:14:51 +0800 2023,可以不抽新手池嘛
Wed Apr 26 02:01:48 +0800 2023,码住
Tue Apr 25 23:51:28 +0800 2023,"遇到老爷大佬了,打call"
Tue Apr 25 23:25:14 +0800 2023,期待[团圆兔]
Fri May 05 19:52:43 +0800 2023,码
Thu Apr 27 21:36:45 +0800 2023,🐴
Thu Apr 27 11:18:51 +0800 2023,码住
Wed Apr 26 20:59:51 +0800 2023,码
Wed Apr 26 13:54:42 +0800 2023,码
Wed Apr 26 11:24:54 +0800 2023,码住
Wed Apr 26 09:17:17 +0800 2023,马
Wed Apr 26 09:16:50 +0800 2023,🐎
Wed Apr 26 00:11:54 +0800 2023,"码住,开学季"
Fri May 12 23:42:45 +0800 2023,码
Wed May 10 15:25:57 +0800 2023,码
Tue May 09 17:28:50 +0800 2023,码
Sat May 06 08:22:16 +0800 2023,码
Wed May 03 16:30:15 +0800 2023,码住
Tue May 02 08:36:56 +0800 2023,码住
Tue May 02 02:52:30 +0800 2023,🐴
Thu Apr 20 17:20:02 +0800 2023,"精神状况堪忧,思考"
Thu Apr 20 12:00:04 +0800 2023,"叮~！您使用 “崩坏星穹铁道” 发布的微博，已被超话君收录到您的专属超话 <a href=""//s.weibo.com/weibo?q=%23%E5%B4%A9%E5%9D%8F%E6%98%9F%E7%A9%B9%E9%93%81%E9%81%93%5B%E8%B6%85%E8%AF%9D%5D%23"" target=""_blank""><a target=""_blank"" href=""https://weibo.com/p/100808e1f868bf9980f09ab6908787d7eaf0f0""><img class=""icon-link"" src=""https://h5.sinaimg.cn/upload/100/959/2020/05/09/timeline_card_small_super_default.png""/>崩坏星穹铁道超话</a></a> 中了凹~想知道粉丝们都在超话里聊些什么嘛~快来宠粉翻牌吧！直达现场&gt;&gt;  <a href=""//s.weibo.com/weibo?q=%23%E5%B4%A9%E5%9D%8F%E6%98%9F%E7%A9%B9%E9%93%81%E9%81%93%5B%E8%B6%85%E8%AF%9D%5D%23"" target=""_blank""><a target=""_blank"" href=""https://weibo.com/p/100808e1f868bf9980f09ab6908787d7eaf0f0""><img class=""icon-link"" src=""https://h5.sinaimg.cn/upload/100/959/2020/05/09/timeline_card_small_super_default.png""/>崩坏星穹铁道超话</a></a> "
Thu Apr 20 18:23:36 +0800 2023,"我靠,哆啦A梦害怕"
Thu Apr 20 21:17:36 +0800 2023,"哈哈哈哈哈一键查询项目组的精神状态,doge"
Thu Apr 20 20:42:15 +0800 2023,"我以为你是认真的，没想到是我当真了,doge"
Thu Apr 20 21:19:48 +0800 2023,"我终于也能成为二次元了,赢牛奶"
Thu Apr 20 14:59:04 +0800 2023,"6后半让信了前面的我显得很傻,春游家族"
Thu Apr 20 13:03:26 +0800 2023,查询制作组精神状态哈哈哈哈哈哈哈哈哈哈哈哈哈哈哈哈哈哈哈哈哈哈哈哈
Thu Apr 20 18:00:22 +0800 2023,"一件查询精神状态,苦涩"
Thu Apr 20 12:03:44 +0800 2023,"好好好，小姐姐好美,哇"
Thu Apr 20 20:01:38 +0800 2023,逆天 不点开不知道这么好笑
Thu Apr 20 19:57:24 +0800 2023,传下去，米哈游扛着大楼跑路了
Thu Apr 20 18:01:15 +0800 2023,？？？我以为这是个正经煽情感动的视频
Thu Apr 20 20:02:42 +0800 2023,入职贵司需要提供什么病例
Thu Apr 20 19:11:51 +0800 2023,看之前我还以为要提前开服了🤔
Thu Apr 20 18:39:16 +0800 2023,"你净整这些抽象的，亏我一开始看的那么认真,允悲"
Thu Apr 20 16:46:56 +0800 2023,你当法人哈哈哈哈哈哈哈哈
Fri Apr 21 04:15:14 +0800 2023,"看到二次元那里没绷住,笑cry"
Thu Apr 20 17:51:41 +0800 2023,"你们米哈游。。。,哆啦A梦害怕"
Sat Apr 22 16:48:10 +0800 2023,"二次元冲鸭，会整活,送花花"
Mon May 22 13:16:01 +0800 2023,原前瞻都是有300的，你，只多不少，懂？
Mon May 22 16:05:21 +0800 2023,"我对活动的长度内容观感还好，毕竟当副游玩，没隔壁那么长我已经谢天谢地了，但求求你了，体力多给点可以吗，地图本身可肝内容并不多，老是要等新剧情和地图，你是回合制啊亲,允悲"
Mon May 22 13:22:16 +0800 2023,这是你家游戏吗大姐 体力是偷的不敢多给点吗
Mon May 22 12:08:34 +0800 2023,孙晔老师终于营业了！！！
Tue May 23 16:49:33 +0800 2023,大哥原神卡体力还能玩因为是开放探索世界，没体力也能看风景射鸟实在不行还能去带萌新玩，回合制游戏没有体力p都没有你清醒一点行不行
Tue May 23 09:42:34 +0800 2023,实在不行你学学未定，月卡每天发一瓶饮料
Mon May 22 14:30:53 +0800 2023,"什么时候才能明白你是崩铁不是原神,裂开"
Mon May 22 19:24:09 +0800 2023,"刚开服就养生你是否清醒马哈鱼，玩那么多回合制游戏第一次见你给体力给这么小气的，上一款我打的回合制体力还剩1k，关服了我都刷不完，你呢大哥,开学季"
Mon May 22 16:03:48 +0800 2023,回合制游戏没体力玩个屁啊
Fri May 26 21:56:04 +0800 2023,"问题是玩崩铁的人不一定玩原神和崩3，没主线，搞个小活动（两天玩完，限时半个月）敷衍一下，你以为你是原神呢,允悲"
Mon May 22 15:41:17 +0800 2023,",太開心"
Wed May 24 12:37:41 +0800 2023,回合制抠抠搜搜给体力，还照搬圣遗物那一套，活动五天结束长草十几天，你开服就要关服是吧，无聊死了
Mon May 22 20:05:23 +0800 2023,"回合制游戏为什么不能好友送体力,老师好"
Fri May 26 20:06:55 +0800 2023,直播内容：福利基本没有，活动都是摆烂，地图多了一个，主线毫无进展，鉴定为纯纯的摆烂
Wed May 24 16:38:05 +0800 2023,快出剧情！！！内容太少了！！！天天这么点体力你是怎么想的？？？隔壁代号鸢月卡还送体力呢……而且那边的角色养成比你这边他妈的简单多了体力都不够，一天180你想让我十分钟就下线？？？
Fri May 26 23:35:02 +0800 2023,要体力没体力，要主线没主线，要奖励没奖励，就硬抽卡是吧。抽完我干嘛呢？集卡游戏吗？
Mon May 22 19:34:17 +0800 2023,"隔壁回合制我体力都用不完 你家回合制体力根本不够用,晕"
Fri May 26 19:33:55 +0800 2023,9A6BHRKX4XNL
Thu May 25 12:40:59 +0800 2023,"尼玛你一个单机回合制你限制尼玛的体力,费解"
Tue May 23 09:34:49 +0800 2023,"多给点体力吧。还有光锥你动态的效果明明都做了，为什么不实装！！！我想在游戏里看景元亲亲小麻雀，他两的互动不可爱么？,泪"
Thu May 25 23:00:37 +0800 2023,难
Thu May 25 22:14:07 +0800 2023,"今晚还有直播吗,doge"
Thu May 25 22:58:30 +0800 2023,不能，米哈游卡资源卡死死
Thu May 25 22:47:17 +0800 2023,才刚刚51- -
Thu May 25 22:47:19 +0800 2023,我明天50级，算正常速度吗？
Fri May 26 08:23:26 +0800 2023,周本是啥 忘却之庭吗
Fri May 26 10:33:50 +0800 2023,新版本双倍奖励 真的不留药嘛
Fri May 26 16:56:45 +0800 2023,"才46…已经变成和原神一样每天上下班打卡的日子,心"
Fri May 26 11:37:59 +0800 2023,难
Fri May 26 09:48:33 +0800 2023,55 感觉很慢了
Fri May 26 09:09:28 +0800 2023,"才50，每天打完升阶材料就没体力了,拜拜"
Fri May 26 07:38:35 +0800 2023,"这个升级快的秘诀是什么,泪"
Fri May 26 12:47:48 +0800 2023,"花星琼买体力就能上了,doge"
Fri May 26 09:49:28 +0800 2023,又肝又氪。。。我开服到现在才45
Fri May 26 14:16:28 +0800 2023,一天半一级 尽快吧 周本稳定双金
Fri May 26 13:08:35 +0800 2023,"不够,doge"
Fri May 26 11:22:24 +0800 2023,才52级，本周没希望了
Fri May 26 09:08:54 +0800 2023,好耶
Fri May 26 17:00:49 +0800 2023,不可能，12瓶体力就3600经验，加上每天1600*3就4800，每天240体力一共1200*3有3600，算起来一共1.2w，你一级都差不多要1w经验，58级肯定需要1w+了。
Fri Mar 31 18:01:22 +0800 2023,可以可以啊
Fri Mar 31 18:01:22 +0800 2023,真的绝了
Fri Mar 31 18:01:22 +0800 2023,很喜欢这个，不错
Fri Mar 31 18:01:21 +0800 2023,真的是
Fri Mar 31 18:01:18 +0800 2023,真的很不错
Fri Mar 31 18:01:14 +0800 2023,我也这么觉得
Fri Mar 31 18:53:25 +0800 2023,真的是厉害了，两千万人预约
Fri Mar 31 18:52:25 +0800 2023,预约的人数让人感到都是很惊讶，简直不敢相信
Fri Mar 31 18:52:11 +0800 2023,感觉真的是挺厉害啊，预约了好多人
Fri Mar 31 18:50:11 +0800 2023,这不行啊，这是必须非要扩容的，不然到时候我就挤不进去了
Fri Mar 31 18:34:12 +0800 2023,2000万？！想到会多可是我没想到这么多！太多人了吧
Fri Mar 31 18:31:11 +0800 2023,我感觉这也是泪目了，没想到居然会有这么多了呢
Fri Mar 31 18:30:16 +0800 2023,这个居然这么多的预约，这个场面我还是第一次见到
Fri Mar 31 18:15:04 +0800 2023,要行动起来 想去试试
Fri Mar 31 18:12:40 +0800 2023,是让我意想不到的数据 带来满满都是震撼 这都是意外
Fri Mar 31 18:07:44 +0800 2023,现在预约人数这么多足以说明大家对这个游戏的期待了
Fri Mar 31 18:07:37 +0800 2023,现在预约竟然破两千万了，星穹铁道终于被更多人看见了，泪目
Fri Mar 31 18:06:52 +0800 2023,预约人数这么多，还真是让人意外，不得不说还挺厉害的。
Tue May 16 16:16:15 +0800 2023,"天啊谢谢谢谢我正在全世界找这个,抱一抱"
Tue May 16 16:11:27 +0800 2023,70满级了吗
Tue May 16 16:25:03 +0800 2023,"不敢想象以后80级90级怎么办 一队都养不起了 更不用说两对队 深渊还是放弃吧,允悲"
Tue May 16 16:07:59 +0800 2023,很有用 码住
Wed May 17 16:17:17 +0800 2023,慢慢玩每天上号就是刷材料先升满技能然后下线根本不急
Fri May 26 20:31:01 +0800 2023,o你都不搬运的  星奴蘸酱
Fri May 26 20:15:40 +0800 2023,",打call"
Sat May 27 01:19:17 +0800 2023,"什么时候可以抽卡芙卡,泪"
Sat May 27 07:56:03 +0800 2023,问问是必须连续七天签到才能领吗，不是之前那种累计吗
Fri May 26 20:53:47 +0800 2023,新四星怎么总是在我不抽的池子，o也是
Fri May 26 20:43:41 +0800 2023,"驭空会送，准备体早备战1.2了,doge"
Fri May 26 23:27:05 +0800 2023,希望能整到个驭空吧，希儿我走运抽到了，量子就有了，现在只有虚数真的完全没有人能打，老杨毕竟五星普池里不好捞到——虽然也不是必须就是了
Fri May 26 22:44:15 +0800 2023,本来攒着抽银狼，还是没忍住保底了景元，🈚钱也🈚缘
Fri May 26 20:15:00 +0800 2023,省下来等一个卡芙卡
Sun Apr 30 20:13:53 +0800 2023,马
Sun Apr 30 19:16:25 +0800 2023,"码住！（我甚至还没找到大月卡在哪，可能等级还没到,允悲"
Sun Apr 30 16:51:30 +0800 2023,"码住,打call"
Sun Apr 30 01:20:10 +0800 2023,码住
Sat Apr 29 02:18:14 +0800 2023,码住
Sat Apr 29 01:13:41 +0800 2023,码
Fri Apr 28 15:09:17 +0800 2023,码
Fri Apr 28 14:43:28 +0800 2023,"码住,羞嗒嗒"
Fri Apr 28 13:04:26 +0800 2023,码住
Thu Apr 27 23:55:09 +0800 2023,🐴
Thu Apr 27 21:59:48 +0800 2023,码住
Thu Apr 27 20:26:34 +0800 2023,🐎
Thu Apr 27 19:52:26 +0800 2023,码
Thu Apr 27 19:19:26 +0800 2023,码
Thu Apr 27 14:25:06 +0800 2023,"<a href=/n/喜歡不僅廉價還能殺人 usercard=""name=@喜歡不僅廉價還能殺人"">@喜歡不僅廉價還能殺人</a>"
Thu Apr 27 12:05:20 +0800 2023,码
Thu Apr 27 10:38:47 +0800 2023,请问二期景元大概多久出啊？
Thu Apr 27 09:40:02 +0800 2023,"码住,打call"
Wed Apr 26 21:10:58 +0800 2023,码
Wed Apr 26 21:09:33 +0800 2023,码
Sat Apr 22 01:37:18 +0800 2023,嘎嘎嘎嘎嘎给我笑晕了
Fri Apr 21 15:17:38 +0800 2023,是的，是我干的
Fri Apr 21 11:34:18 +0800 2023,DW
Thu Apr 20 21:37:01 +0800 2023,"看到最后拯救地球那段，想 <a href=/n/郭帆FrantGwo usercard=""name=@郭帆FrantGwo"">@郭帆FrantGwo</a> ,doge"
Thu Apr 20 20:58:48 +0800 2023,一本正经胡说八道哈哈哈哈哈哈哈
Thu Apr 20 20:38:11 +0800 2023,哈哈哈哈哈哈怎么这么好笑啊
Thu Apr 20 19:29:31 +0800 2023,整了个这么大的活，没人来点反应视频我不同意
Thu Apr 20 18:50:19 +0800 2023,"哈哈哈好活 总部大楼没了,666"
Thu Apr 20 17:38:30 +0800 2023,救命我笑晕了……哈哈哈哈哈哈哈哈哈哈哈哈哈哈哈哈哈哈哈哈哈哈哈哈哈哈啊哈哈哈哈哈哈哈哈哈哈啊啊啊哈哈哈哈哈哈哈哈哈哈哈哈哈哈哈哈哈哈哈哈哈哈哈哈哈哈哈哈哈哈哈哈哈哈哈哈哈哈哈哈哈啊哈哈哈哈哈哈哈哈哈哈啊啊啊哈哈哈哈哈哈哈哈哈哈哈哈哈哈哈哈哈哈哈哈哈哈哈哈哈哈哈哈哈哈哈哈哈哈救命啊
Thu Apr 20 15:35:11 +0800 2023,"净整没有用的，再给个十连,doge"
Thu Apr 20 14:19:18 +0800 2023,"不愧是你，米忽悠！吹的差点我就信了,doge"
Thu Apr 20 13:16:24 +0800 2023,"这，这原来不是正经访谈啊,允悲"
Thu Apr 20 12:43:41 +0800 2023,",费解"
Thu Apr 20 17:38:54 +0800 2023,一本正经地胡说八道
Sun Apr 23 21:24:58 +0800 2023,"我笑死了，你们是会整活的,赞"
Sat Apr 22 11:49:42 +0800 2023,笑死
Fri Apr 21 09:03:03 +0800 2023,爱看
Thu Apr 20 23:39:40 +0800 2023,？？
Thu Apr 20 23:15:20 +0800 2023,你是会整活的
Thu Apr 20 20:33:11 +0800 2023,",哈哈"
Fri May 26 20:09:00 +0800 2023,TTNAYQ3FMF9U 5S6BZ93E4WN8 9A6BHRKX4XNL
Fri May 26 19:39:50 +0800 2023,9A6BHRKX4XNL
Mon May 22 14:13:58 +0800 2023,你看哪个卡牌游戏给体力这么少的
Mon May 22 15:41:15 +0800 2023,我觉得现在崩铁这样正好，空闲时间刷刷挺养生，不喜欢高强度刷，你们线下都没事做嘛？
Fri May 26 20:08:26 +0800 2023,说了半天体力一个字不提?你们这前瞻隔着放p呢？
Fri May 26 20:01:04 +0800 2023,TTNAYQ3FMF9U
Fri May 26 21:38:37 +0800 2023,一个重剧情的rpg断更主线也是6
Mon May 22 19:52:43 +0800 2023,"全地图的每个角落都被我扒拉玩了，给的东西真的少，角色根本养不起来，原是大世界这么搞还没那么难接受，获取途径多，但你是个回合制啊,哆啦A梦害怕"
Mon May 22 23:01:02 +0800 2023,1.0大家会因为新鲜而忍受20多天的张草期，1.1会因为热爱忍受？1.2会因为理解忍受？1.3呢？1.4呢？你们也不希望这个游戏短命吧。
Fri May 26 19:50:19 +0800 2023,5S6BZ93E4WN8
Tue May 23 01:50:16 +0800 2023,当你手里有13+款游戏要打的时候，会庆幸星铁和原神上线时间只需要半小时都不到，是我玩游戏，又不是游戏玩我，希望其他的游戏也能多学学。
Mon May 22 15:43:59 +0800 2023,给不给体力无所谓，多开点活动啊，体量也太小了，联赛那玩意连活动都算不上
Mon May 22 15:36:07 +0800 2023,"给点体力吧，我就是想留在你们游戏多玩一会儿，问题是没事可做啊。。。。,顶"
Mon May 22 13:16:05 +0800 2023,"多听听玩家建议吧……,衰"
Mon May 22 12:03:45 +0800 2023,哦哦哦哦哦哦哦哦好耶
Fri May 26 20:29:01 +0800 2023,"体力,裂开"
Tue May 23 11:23:50 +0800 2023,"材料掉率能不能高一点啊 体力根本不够用,泪"
Mon May 22 18:07:05 +0800 2023,我想说你长草期又长又无聊，体力和掉率还扣扣搜搜的，你真是生怕玩家不跑啊。
Mon May 22 15:20:49 +0800 2023,希望前瞻你能爆料跟体力有关的消息
Mon May 22 16:09:38 +0800 2023,月卡居然不送体力，这合理吗?
Tue May 09 14:17:23 +0800 2023,我40 - 50的规划也是先两队金色对的主词条圣遗物全部+9
Tue May 09 14:18:46 +0800 2023,但是钱，经验书，材料，是实打实的，遗器就不好说了，考虑到巨额缺口，这个礼拜我宁可刷经验书和材料到50级
Tue May 09 17:04:25 +0800 2023,不如先把主要行迹点了，然后去刷遗器
Wed May 10 13:20:40 +0800 2023,"刷量子那个刷了10瓶体力，一个能用的都没有,苦涩"
Tue May 09 17:42:51 +0800 2023,"没见过遗器双金,爱你"
Tue May 09 18:55:08 +0800 2023,先拉等级光锥行迹，最后刷遗器
Wed May 10 08:12:45 +0800 2023,",微笑"
Thu May 11 11:23:33 +0800 2023,"40刷遗器是最哈皮的,doge"
Tue May 09 20:14:58 +0800 2023,开个大月卡，能够8个60的。60升70估计得刷一些，全员肯定不够用。
Tue May 09 17:51:33 +0800 2023,"我觉得先把人物等级和武器等级拉满，然后行迹有用的拉满，刷了几次圣遗物一个有用的东西都没爆，还不如无脑打经验书等升了50有资源,困"
Tue May 09 14:21:49 +0800 2023,钱矿书感觉开荒期压力没想象中大，但是圣遗物狗粮缺的离谱
Tue May 09 14:20:00 +0800 2023,应该和元神一样，现在角色数量少等级低，后面突破点行迹技能等级就缺了
Tue May 09 14:18:44 +0800 2023,应该和元神一样，现在角色数量少等级低，后面突破点行迹技能等级就缺了
Tue May 09 14:18:18 +0800 2023,先搞两套+15的打手圣遗物比较要紧，其他位置都能凑合凑合
Tue May 09 14:18:17 +0800 2023,50离我目前还很远，才42级
Tue May 09 14:17:50 +0800 2023,想咋刷都行，在不追求打深渊的前提下，打深渊的话，主c遗器和天赋都得拉，而且最好只拉主c的。再拉其他的不太够。有免费送的体力药就花完
Tue May 09 14:17:47 +0800 2023,虽然行迹是稳定提升，但遗物前面要的经验也不多，对比之前没咋装的状态主词条对了也还是稳定提升
Tue May 09 14:17:25 +0800 2023,我的书缺口贼大贼大……
Fri Mar 31 18:06:12 +0800 2023,嘿嘿现在预约居然已经破了两千万！这种感觉好爽呀
Fri Mar 31 18:03:28 +0800 2023,预约都这么高了么，好厉害呀，原来这么多人都在等
Fri Mar 31 18:01:53 +0800 2023,现在预约人数都已经破两千万，这也是大家的认可和期待。
Fri Mar 31 18:01:37 +0800 2023,现在在家还是非常的有情怀的，恭喜预约人数这么高。
Fri Mar 31 18:01:33 +0800 2023,真的是
Fri Mar 31 18:01:33 +0800 2023,爱了，爱了
Fri Mar 31 18:01:27 +0800 2023,真的绝了
Fri Mar 31 18:01:26 +0800 2023,爱了，爱了
Mon May 01 23:02:35 +0800 2023,太牛了
Mon May 01 23:02:52 +0800 2023,我也想有这么好的运气
Mon May 01 23:02:57 +0800 2023,不太懂，好不好玩啊
Mon May 01 23:02:52 +0800 2023,我佩服了，运气分我一点
Mon May 01 23:03:23 +0800 2023,你们在穷游而我在穹游
Mon May 01 23:03:16 +0800 2023,"我抽卡就很拉,苦涩"
Mon May 01 23:02:50 +0800 2023,整个五一假期都在快乐玩游戏真的好幸福
Mon May 01 23:09:17 +0800 2023,狠狠羡慕了
Mon May 01 23:06:14 +0800 2023,不得不说很佩服了
Mon May 01 23:04:27 +0800 2023,你这运气绝啦
Mon May 01 23:03:58 +0800 2023,"好羡慕啊，这么厉害的嘛，简直不要太诱人,打call"
Mon May 01 23:03:28 +0800 2023,"这个五一假期我沉浸式星穹铁道,送花花"
Mon May 01 23:03:27 +0800 2023,我好羡慕你，确实不错
Mon May 01 23:06:38 +0800 2023,"厉害了啊！！,打call"
Mon May 01 23:03:03 +0800 2023,哇，这也太厉害了吧好羡慕
Tue May 02 14:12:42 +0800 2023,。。。啥池 常驻池吗
Tue May 02 04:36:55 +0800 2023,"白露的奶和娜塔莎的奶差距简直离谱,二哈"
Mon May 01 23:12:19 +0800 2023,"我78白露武器,苦涩"
Tue May 02 02:53:56 +0800 2023,"我75+抽白露专武 我还没有白露,泪"
Mon May 01 23:09:03 +0800 2023,"不得不说属实厉害,耶"
Fri May 26 19:07:46 +0800 2023,话说，暗黑手游上线10天营收了多少
Fri May 26 19:09:46 +0800 2023,就这，如果还会有人坚持做3A，用那多的投入去做一个可能血本无归的项目，那除了赚钱，我只能理解成，他们是真的热爱。
Fri May 26 22:43:45 +0800 2023,"然后1.1主线也不更摆大烂,ok"
Fri May 26 19:20:13 +0800 2023,"崩铁花钱抽卡真不值，开服即长草,笑cry"
Sat May 27 08:36:34 +0800 2023,"刚卸载，说实话还是挺无聊的，上线就是经验遗器本儿，不过爆率确实低,good"
Fri May 26 19:09:43 +0800 2023,"然后就长草了一个月,笑而不语"
Fri May 26 19:17:57 +0800 2023,完爆买断制塞尔达王国之泪 太悲剧了
Fri May 26 19:26:27 +0800 2023,日本网友糊涂啊（）
Sat May 27 08:39:59 +0800 2023,垃圾游戏
Fri May 26 22:14:48 +0800 2023,资本家落泪
Fri May 26 19:11:16 +0800 2023,还是米哈游牛逼
Sat May 27 07:58:40 +0800 2023,都上线一个月了 才出前十天流水 后面景元池子应该也不错
Sat May 27 10:47:59 +0800 2023,抄袭游戏
Sat May 27 10:41:26 +0800 2023,你好，上线10天营收最高的游戏是那个，王者吗？
Sat May 27 10:25:44 +0800 2023,营收的主要来源是这个游戏的什么付费项目？求问
Sat May 27 10:24:56 +0800 2023,抽卡的意义在于氪金，哪像我完全靠欧
Sat May 27 10:16:44 +0800 2023,"感谢崩铁，让我同时戒掉米哈游所有游戏,哈哈"
Sat May 27 10:13:26 +0800 2023,人还是有钱
Sat May 27 09:28:26 +0800 2023,"国际服0氪8金,doge"
Sat May 27 09:09:19 +0800 2023,营销花费估计不止2亿美元
Thu Apr 20 20:05:29 +0800 2023,"你小子,doge"
Thu Apr 20 18:47:05 +0800 2023,哈哈哈哈哈哈哈哈哈哈哈哈哈哈哈哈哈哈哈哈哈哈哈哈哈哈哈哈哈哈哈哈哈哈哈哈哈哈哈哈哈哈哈哈哈哈哈哈哈哈哈哈哈哈哈哈哈哈哈哈哈哈哈哈哈哈哈哈哈哈哈哈哈哈哈哈哈哈哈哈哈哈
Thu Apr 20 18:19:37 +0800 2023,"又是小尬剧!,允悲"
Thu Apr 20 17:56:11 +0800 2023,诶，其实回合制什么的对玩游戏不带脑子人士来说不构成太大吸引，据说还有肉鸽那更是有点怕怕的，但还真超期待整活，从内而外散发着一股子活泼，很好，很精神，很不错=w=
Thu Apr 20 17:50:37 +0800 2023,"我真的要笑死了！米哈游你是不是要笑死我哈哈哈哈哈哈！你太会玩了,doge"
Thu Apr 20 17:35:19 +0800 2023,吓死爷了爷以为你们要延期
Thu Apr 20 17:32:19 +0800 2023,整栋楼都搞没了哈哈哈哈哈哈哈哈哈哈
Thu Apr 20 17:22:34 +0800 2023,还是你会玩啊 
Thu Apr 20 12:56:05 +0800 2023,我天呢
Thu Apr 20 12:53:46 +0800 2023,8分钟高强度玩梗，含梗量99%🤣🤣🤣
Thu Apr 20 12:43:20 +0800 2023,"哈哈哈，逐渐离谱，够中二,doge"
Thu Apr 20 12:31:45 +0800 2023,",doge"
Thu Apr 20 12:00:41 +0800 2023,"等不及了,苦涩"
Thu Apr 20 18:21:00 +0800 2023,",哆啦A梦害怕"
Mon May 08 04:50:17 +0800 2023,哈哈哈哈哈哈哈哈哈哈哈！
Sun Apr 23 11:49:48 +0800 2023,给我整不会了，笑得想死
Sun Apr 23 00:18:44 +0800 2023,"你不要太离谱哈哈哈，我最开始真信了的,允悲"
Sat Apr 22 14:35:52 +0800 2023,笑得我好崩溃
Sat Apr 22 13:28:09 +0800 2023,笑死
Mon May 22 15:32:49 +0800 2023,体力获取方式多一点，但是不要定时上线领取，定时我就不玩
Fri May 26 19:42:47 +0800 2023,9A6BHRKX4XNL
Mon May 22 12:00:02 +0800 2023,"叮~！您使用 “崩坏星穹铁道” 发布的微博，已被超话君收录到您的专属超话 <a href=""//s.weibo.com/weibo?q=%23%E5%B4%A9%E5%9D%8F%E6%98%9F%E7%A9%B9%E9%93%81%E9%81%93%5B%E8%B6%85%E8%AF%9D%5D%23"" target=""_blank""><a target=""_blank"" href=""https://weibo.com/p/100808e1f868bf9980f09ab6908787d7eaf0f0""><img class=""icon-link"" src=""https://h5.sinaimg.cn/upload/100/959/2020/05/09/timeline_card_small_super_default.png""/>崩坏星穹铁道超话</a></a> 中了凹~想知道粉丝们都在超话里聊些什么嘛~快来宠粉翻牌吧！直达现场&gt;&gt;  <a href=""//s.weibo.com/weibo?q=%23%E5%B4%A9%E5%9D%8F%E6%98%9F%E7%A9%B9%E9%93%81%E9%81%93%5B%E8%B6%85%E8%AF%9D%5D%23"" target=""_blank""><a target=""_blank"" href=""https://weibo.com/p/100808e1f868bf9980f09ab6908787d7eaf0f0""><img class=""icon-link"" src=""https://h5.sinaimg.cn/upload/100/959/2020/05/09/timeline_card_small_super_default.png""/>崩坏星穹铁道超话</a></a> "
Fri May 26 21:09:33 +0800 2023,"牛的 什么都不更新就更新抽卡是吧,费解"
Fri May 26 20:49:57 +0800 2023,是只有星穹这么一个游戏玩吗？虽然养成长了一点，但都是可以预见能完成的，这不比网易腾讯那些好多了
Wed May 24 18:16:52 +0800 2023,你开服是打着关服的名号来的吧？体力没有活动没有，好友聊天都没有，你还照搬原神那一套，简直好笑
Mon May 22 19:03:53 +0800 2023,"<a href=""//s.weibo.com/weibo?q=%23%E5%B4%A9%E5%9D%8F%E6%98%9F%E7%A9%B9%E9%93%81%E9%81%93%23"" target=""_blank"">#崩坏星穹铁道#</a>你体力能不能给多点 能不能能不能，实在不行你月卡送体力都行"
Mon May 22 12:46:52 +0800 2023,请孙晔老师了？牛逼啊
Fri May 26 20:50:21 +0800 2023,没有剧情，没有体力，开服多久就长草了
Fri May 26 20:26:10 +0800 2023,我缺的主线这块谁给我补啊
Fri May 26 20:25:51 +0800 2023,重播呢？总结呢？还有主线更不更啊？
Fri May 26 20:05:50 +0800 2023,大哥，没有罗浮主线新地图我玩啥……体力也不送一点，你知道行迹材料多难打吗
Fri May 26 20:02:28 +0800 2023,"<a href=""//s.weibo.com/weibo?q=%23%E6%98%9F%E7%A9%B9%E9%93%81%E9%81%931.1%23"" target=""_blank"">#星穹铁道1.1#</a>9A6BHRKX4XNL 5S6BZ93E4WN8 TTNAYQ3FMF9U"
Fri May 26 19:34:04 +0800 2023,9A6BHRKX4XNL
Wed May 24 17:23:18 +0800 2023,"体力太少了,裂开"
Mon May 22 21:02:49 +0800 2023,"希望你能越做越好,哇"
Mon May 22 12:51:56 +0800 2023,周五的东西周一发，你很急啊
Mon May 22 12:05:21 +0800 2023,景元！！叽米！！这是什么视听双重享受！
Fri May 26 19:51:36 +0800 2023,9A6BHRKX4XNL        5S6BZ93E4WN8
Mon May 22 21:51:45 +0800 2023,"<a href=""//s.weibo.com/weibo?q=%23%E5%B4%A9%E5%9D%8F%E6%98%9F%E7%A9%B9%E9%93%81%E9%81%93%23"" target=""_blank"">#崩坏星穹铁道#</a>给点体力吧，开拓者需要开拓"
Mon May 15 15:28:03 +0800 2023,"奖品名称：现金奖品*1人；抽奖时间：2023-05-17 18:30:00；抽奖规则：<a target=""_blank"" href=""https://lottery.media.weibo.com/lottery/h5/history/list?mid=4901682280402429""><img class=""icon-link"" src=""https://h5.sinaimg.cn/upload/2015/09/25/3/timeline_card_small_web_default.png""/>抽奖详情</a>"
Mon May 15 18:36:55 +0800 2023,"有没有会凹伤害的宝替我看看我希儿现在最多能打出多少伤害呀，我自己不会凹,苦涩"
Wed May 17 02:30:41 +0800 2023,"晚上六点景元池子会直播抽卡 欢迎大家来b站376331房间玩,兔子"
Mon May 15 18:55:15 +0800 2023,私信喊我妈妈的那个，别太离谱……
Mon May 15 15:36:27 +0800 2023,"求大佬面板,哇"
Mon May 15 19:57:38 +0800 2023,"暴击率重要还是爆伤重要？,并不简单"
Mon May 15 19:11:37 +0800 2023,"好强！能蹭个好友位吗,哇"
Mon May 15 21:45:48 +0800 2023,"大佬可以看看面板吗,泪"
Mon May 15 19:14:57 +0800 2023,"大佬可以看看面板吗,羞嗒嗒"
Mon May 15 19:06:48 +0800 2023,"天啊，捂住我希儿的眼睛,苦涩"
Mon May 15 19:06:25 +0800 2023,"好强，顺带问问遗器用什么,苦涩"
Mon May 15 19:23:54 +0800 2023,"我不想要小月卡 我只想要宝贝的好友位,苦涩"
Mon May 15 18:51:11 +0800 2023,",允悲"
Mon May 15 18:45:59 +0800 2023,求你们不要再欺负末日兽了
Wed May 17 04:49:27 +0800 2023,为啥这么多抽啊
Wed May 17 02:06:13 +0800 2023,一命专武希儿最高只有两万，不知道咋提升了，在刷量子的圣遗物
Tue May 16 21:34:00 +0800 2023,"哇大佬！可以让我蹭个ID位嘛,有票了"
Tue May 16 11:08:26 +0800 2023,我去好强！！！俺想蹭个好友位可以啵！
Tue May 16 10:33:06 +0800 2023,大佬给个好友位呀，每日上供2000信用点
Mon May 15 19:45:29 +0800 2023,"呜呜呜，我也想要姐姐的好友位,苦涩"
Fri Mar 31 18:01:26 +0800 2023,很喜欢这个，不错
Fri Mar 31 18:01:25 +0800 2023,真的很不错
Fri Mar 31 18:01:25 +0800 2023,很喜欢这个，不错
Fri Mar 31 18:01:25 +0800 2023,很喜欢这个，不错
Mon May 01 23:07:59 +0800 2023,"我去 这也太牛了，运气爆棚哦,彩虹屁"
Mon May 01 23:06:51 +0800 2023,"本穹批最爱,舔屏"
Mon May 01 23:05:21 +0800 2023,本非酋好羡慕啊
Mon May 01 23:05:15 +0800 2023,"蹭蹭欧气,亲亲"
Mon May 01 23:05:04 +0800 2023,这运气牛逼啊
Mon May 01 23:04:38 +0800 2023,你这运气没谁了
Mon May 01 23:04:31 +0800 2023,这算欧吗？
Mon May 01 23:04:28 +0800 2023,这个运气我羡慕了
Mon May 01 23:04:24 +0800 2023,"70抽出的白露,泪"
Mon May 01 23:04:22 +0800 2023,"你运气够好的了,羞嗒嗒"
Mon May 01 23:04:11 +0800 2023,"吸吸欧气,赢牛奶"
Mon May 01 23:04:10 +0800 2023,666 羡慕了
Mon May 01 23:03:34 +0800 2023,"你这运气太绝了,允悲"
Mon May 01 23:03:33 +0800 2023,"这么好运气的,送花花"
Mon May 01 23:03:33 +0800 2023,"这运气给我,doge"
Mon May 01 23:03:32 +0800 2023,那你可厉害
Mon May 01 23:03:19 +0800 2023,"从来都没有过这么好的手气,泪"
Mon May 01 23:03:20 +0800 2023,这么好玩吗这个游戏
Mon May 01 23:03:13 +0800 2023,被大佬打过第六世界啦 开心 文案超有梗 仙舟罗浮我的家！ 所以有没有限定活动！ 美女帅哥都suki! ​
Mon May 01 23:03:11 +0800 2023,运气还可以
Sat May 27 11:12:34 +0800 2023,没绑邮箱只绑了手机号
Sat May 27 11:12:23 +0800 2023,探索度拉满
Sat Apr 22 00:07:20 +0800 2023,一键查询项目组精神状态👆
Fri Apr 21 18:38:23 +0800 2023,"笑死哈哈哈哈,doge"
Fri Apr 21 16:14:49 +0800 2023,"怎么越听越糊涂了,允悲"
Fri Apr 21 14:57:28 +0800 2023,别太离谱了哈哈哈哈哈哈哈哈
Fri Apr 21 13:36:55 +0800 2023,…………笑的好崩溃！
Fri Apr 21 12:23:42 +0800 2023,加大药量！
Fri Apr 21 12:18:42 +0800 2023,救命，我一整个笑死
Fri Apr 21 12:03:11 +0800 2023,"看到一半开始讲民间科学了,允悲"
Fri Apr 21 11:47:22 +0800 2023,"6,干饭人"
Fri Apr 21 10:14:43 +0800 2023,"从那个坐的穿西装讲话开始就不正常， 我还以为我点错了,笑cry"
Fri Apr 21 09:41:10 +0800 2023,"吓一跳 看开头以为你们延后,哆啦A梦害怕"
Fri Apr 21 09:36:04 +0800 2023,",挖鼻"
Fri Apr 21 09:01:05 +0800 2023,一键查询精神状态
Fri Apr 21 07:53:04 +0800 2023,"这不比广告有意思,doge"
Fri Apr 21 05:49:39 +0800 2023,一群坐忘道
Fri Apr 21 00:34:30 +0800 2023,666
Fri Apr 21 00:10:52 +0800 2023,有趣
Thu Apr 20 22:57:43 +0800 2023,"搞快点,委屈"
Thu Apr 20 21:17:31 +0800 2023,你和宇宙探索编辑部商量好的？
Thu Apr 20 21:08:51 +0800 2023,"好怪，太怪了，救命,跪了"
Mon May 22 16:42:43 +0800 2023,"你游均衡等级五行迹本180体力刷不出一个紫我真的哭死,泪"
Mon May 22 15:24:15 +0800 2023,"能不能多给点体力啊 模拟宇宙奖励也能不能丰厚一点别那么抠搜 哪有回合制体力体力不给奖励奖励也不给的啊 你大气点行不行 我也不是没充钱,哆啦A梦害怕"
Fri May 26 20:39:12 +0800 2023,主线没有，活动没活儿，全靠发角色维持热度，要不你把角色预告发完大家热闹热闹然后关服好不好😅
Fri May 26 19:34:57 +0800 2023,9A6BHRKX4XNL
Tue May 23 12:02:01 +0800 2023,能不能别这么扣啊，一个版本攒个大保底都困难，活动还少
Mon May 22 22:11:13 +0800 2023,体力！！！！！！！！！！！！！！
Mon May 22 18:44:37 +0800 2023,"多给点体力,怒"
Mon May 22 14:28:04 +0800 2023,"学一下隔壁阴阳师的体力,哼"
Mon May 22 12:42:28 +0800 2023,"以前玩未定事件簿每天上线时间都没这么短,困"
Mon May 22 12:01:31 +0800 2023,啊啊啊景元QQ人好可爱
Fri May 26 20:48:25 +0800 2023,"路过 踩一脚 每次体力都不够你干什么,哇"
Fri May 26 20:23:12 +0800 2023,重播呢？！！！！啊哈？？？？？？
Mon May 22 16:04:47 +0800 2023,"你是不是不会做回合制游戏,汗"
Mon May 22 13:48:59 +0800 2023,"体力五分钟刷完你觉得好玩吗,疑问"
Fri May 26 20:06:56 +0800 2023,"主线呢？吃点开塞露吧,太开心"
Mon May 22 17:42:09 +0800 2023,直说给多少
Mon May 22 17:39:18 +0800 2023,"神秘礼物是？50星琼？,疑问"
Mon May 22 13:39:02 +0800 2023,"景元素材全靠商城拉到七十，天赋没点，只有模拟宇宙和小怪掉落真的离谱,汗"
Mon May 22 13:31:39 +0800 2023,"给点体力给点玩法,微笑"
Mon May 22 12:55:07 +0800 2023,升到50级了，除了希儿其他没有一个有一套像样的装备，然而到了50也没体力刷，因为钱，经验书，技能升级材料都是无底洞。每天上线5分钟。。
Mon May 15 19:08:09 +0800 2023,"我说佬可以发发面板吗,泪"
Tue May 16 22:40:00 +0800 2023,"爆伤靠啥刷啊？我攻击2800+，爆伤才六十多,允悲"
Mon May 15 15:28:44 +0800 2023,"啊,跪了"
Tue May 16 12:05:29 +0800 2023,怎么抽到的一千零三啊
Wed May 17 15:43:57 +0800 2023,"好强的核爆,跪了"
Wed May 17 01:42:39 +0800 2023,",求关注"
Tue May 16 15:50:40 +0800 2023,抽我
Tue May 16 10:45:17 +0800 2023,"哇哇，求求好友位,哇"
Mon May 15 21:13:48 +0800 2023,好厉害！！
Wed May 17 09:17:34 +0800 2023,"哈哈哈哈哈，我来当分母啦,开学季"
Wed May 17 17:25:00 +0800 2023,抽我
Wed May 17 16:38:17 +0800 2023,冲鸭
Tue May 16 15:38:55 +0800 2023,斯～国～一～
Tue May 16 15:17:21 +0800 2023,好牛的伤害！
Tue May 16 11:02:40 +0800 2023,"<a href=/n/chulee7 usercard=""name=@chulee7"">@chulee7</a> ,doge"
Mon May 15 20:35:41 +0800 2023,多少多少？？？？
Mon May 15 19:48:59 +0800 2023,夺少，？
Mon May 15 16:13:23 +0800 2023,卧槽好票
Mon May 15 16:13:22 +0800 2023,"我去好厉害,打call"
Fri Mar 31 18:01:23 +0800 2023,真的是
Fri Mar 31 18:01:23 +0800 2023,真的很好哎 支持你哦
Fri Mar 31 18:01:24 +0800 2023,很喜欢这个，不错
Fri Mar 31 18:01:24 +0800 2023,所以就是很完美啊
Fri Mar 31 18:01:24 +0800 2023,我也这么觉得
Fri Mar 31 18:01:24 +0800 2023,所以就是很完美啊
Sat May 27 10:21:30 +0800 2023,这个无所谓的 喜欢抽卡的搞完40级两队行迹材料就刷遗器了 囤囤鼠就一直刷材料 用送的就行
Sat May 27 10:24:55 +0800 2023,"我从43级到47级，一直在给景元和布洛妮娅刷遗器，布洛妮娅那个反正满金就行了，景元一直在找词条，最后配出来一个，暴击12.7，爆伤167%,跪了"
Sat May 27 07:46:33 +0800 2023,安慰你，歪杨叔比别的好一些。我希望我能有杨叔这样二队也能组起来了
Sat May 27 07:56:02 +0800 2023,"我也是80抽歪的,泪"
Sat May 27 08:40:17 +0800 2023,"我80歪的姬子,悲伤"
Sat May 27 07:12:47 +0800 2023,"我也歪的杨叔 而且是八十多歪的,泪"
Sat May 27 06:37:05 +0800 2023,"我大保底46还没出,跪了"
Fri May 26 17:17:50 +0800 2023,歪了才有大保底
Thu Apr 20 20:51:13 +0800 2023,我他吗笑死了我草
Thu Apr 20 20:36:18 +0800 2023,",awsl"
Thu Apr 20 19:25:49 +0800 2023,啊，熟悉的webstorm界面
Thu Apr 20 19:06:42 +0800 2023,"<a href=/n/添柴小鱼书 usercard=""name=@添柴小鱼书"">@添柴小鱼书</a> 超你看这个"
Thu Apr 20 18:19:11 +0800 2023,哈哈哈哈哈哈哈哈哈这是个整活团队
Thu Apr 20 18:08:13 +0800 2023,逆天
Thu Apr 20 17:49:53 +0800 2023,相信你我的老米 感动
Thu Apr 20 17:48:51 +0800 2023,",哆啦A梦害怕"
Thu Apr 20 17:44:23 +0800 2023,"cpu干烧了,干饭人"
Thu Apr 20 17:41:22 +0800 2023,"又在玩尬的,允悲"
Thu Apr 20 17:22:12 +0800 2023,"吓死我了,笑cry"
Thu Apr 20 17:16:54 +0800 2023,好有趣
Thu Apr 20 17:13:58 +0800 2023,"吓死了，我以为公测延期……,苦涩"
Thu Apr 20 17:10:21 +0800 2023,敢问，PS国服不能同步，以后移动端账号能与PS5互通吗？
Thu Apr 20 17:08:23 +0800 2023,这可真是太艰难了
Thu Apr 20 16:50:25 +0800 2023,"一键查询铁道游击队精神状态,doge"
Thu Apr 20 16:24:28 +0800 2023,"一时之间不知道该说些什么,笑cry"
Thu Apr 20 14:48:08 +0800 2023,我信了！
Thu Apr 20 14:42:31 +0800 2023,哈哈哈哈哈哈哈哈哈哈哈哈哈
Thu Apr 20 14:34:07 +0800 2023,说沙发
Tue May 16 17:51:28 +0800 2023,"夺少？？,悲伤"
Mon May 15 18:57:30 +0800 2023,",泪"
Thu May 18 10:55:32 +0800 2023,恭喜
Wed May 17 17:53:14 +0800 2023,"这个票票是真实存在的吗,泪"
Wed May 17 14:36:26 +0800 2023,",抱一抱"
Wed May 17 13:40:02 +0800 2023,好强！！
Wed May 17 12:19:39 +0800 2023,"好厉害,哇"
Wed May 17 02:29:33 +0800 2023,好牛！想蹲蹲好友位tat
Wed May 17 01:55:39 +0800 2023,震惊
Wed May 17 01:06:14 +0800 2023,啊？夺少？
Wed May 17 00:05:03 +0800 2023,好厉害！
Tue May 16 22:57:42 +0800 2023,妈呀太厉害了！！
Tue May 16 22:41:36 +0800 2023,",哆啦A梦害怕"
Tue May 16 21:33:19 +0800 2023,好强
Tue May 16 21:23:55 +0800 2023,大佬
Tue May 16 19:35:11 +0800 2023,我靠 巨佬
Tue May 16 18:19:32 +0800 2023,"牛逼,跪了"
Tue May 16 18:13:47 +0800 2023,？？？
Tue May 16 16:26:03 +0800 2023,"天呐,泪"
Tue May 16 15:54:48 +0800 2023,夺少？！
Fri Mar 31 18:01:24 +0800 2023,爱了，爱了
Fri Mar 31 18:01:23 +0800 2023,可以可以啊
Fri Mar 31 18:01:23 +0800 2023,真的很好哎 支持你哦
Mon May 22 12:00:54 +0800 2023,"好耶啊啊啊有井圆QQ人,哇"
Mon May 22 19:04:23 +0800 2023,"能不能多给点体力！加个早中晚补给！,悲伤"
Mon May 22 15:39:37 +0800 2023,你最好有新剧情 活动奖励扣死了
Fri May 26 19:50:17 +0800 2023,5S6BZ93E4WN8
Wed May 24 11:57:18 +0800 2023,你1.1版本最好每周一个活动[八重神子]
Tue May 23 22:23:14 +0800 2023,"哈哈哈哈哈哈说的太对了//<a href=/n/克拉克最初的梦想 usercard=""name=@克拉克最初的梦想"">@克拉克最初的梦想</a>:大哥原神卡体力还能玩因为是开放探索世界，没体力也能看风景射鸟实在不行还能去带萌新玩，回合制游戏没有体力p都没有你清醒一点行不行"
Tue May 23 09:19:00 +0800 2023,"能不能每个x5级都给常驻10抽,悲伤"
Mon May 22 13:07:25 +0800 2023,"回合制游戏想多养点角色，别扣，角色别扣，材料别扣，体力别扣，掉率不提升那就提升星琼奖励,微笑"
Mon May 22 12:45:25 +0800 2023,你们都怎么把体力用完的……太肝了，我老了，肝不动
Fri May 26 19:42:46 +0800 2023,"<a href=""//s.weibo.com/weibo?q=%23%E5%B4%A9%E5%9D%8F%E6%98%9F%E7%A9%B9%E9%93%81%E9%81%93%23"" target=""_blank"">#崩坏星穹铁道#</a>景元：“都看上罗刹了是吧，都帮他说话”"
Fri May 26 19:34:24 +0800 2023,"<a href=""//s.weibo.com/weibo?q=%23%E5%B4%A9%E5%9D%8F%E6%98%9F%E7%A9%B9%E9%93%81%E9%81%93%23"" target=""_blank"">#崩坏星穹铁道#</a>9A6BHRKX4XNL"
Wed May 24 19:35:54 +0800 2023,"没体力还没活动，纯长草是吧,哆啦A梦害怕"
Tue May 23 17:13:15 +0800 2023,"只有一个娜塔莎，还缺一个奶，凑不出二队,泪"
Tue May 23 10:59:05 +0800 2023,"<a href=/n/崩坏星穹铁道 usercard=""name=@崩坏星穹铁道"">@崩坏星穹铁道</a> 体力也太少了"
Tue May 23 08:48:13 +0800 2023,扣扣搜搜的，已经在考虑退游了
Tue May 23 07:24:28 +0800 2023,"打工人表示每天十分钟刚刚好，本来上一天班就累，第二天还要早起，谁有那精力时间天天肝啊,泪"
Tue May 23 01:32:47 +0800 2023,"不会做游戏可以不做,爱你"
Mon May 22 22:22:38 +0800 2023,"<a href=""//s.weibo.com/weibo?q=%23%E5%B4%A9%E5%9D%8F%E6%98%9F%E7%A9%B9%E9%93%81%E9%81%93%23"" target=""_blank"">#崩坏星穹铁道#</a>体力体力体力"
Mon May 22 22:19:54 +0800 2023,"快上新主线！！！！！！急急急急急急急急急急急急急急急,泪"
Mon May 22 22:03:33 +0800 2023,"<a href=""//s.weibo.com/weibo?q=%23%E5%B4%A9%E5%9D%8F%E6%98%9F%E7%A9%B9%E9%93%81%E9%81%93%23"" target=""_blank"">#崩坏星穹铁道#</a>体力"
Sat May 27 09:33:09 +0800 2023,你倒是说多少级啊
Sat May 27 09:46:42 +0800 2023,每日2650，1320➕2650，你大概需要290体力才能升上去，5个60，可以买2-3次体力，吃几个药。看你自己
Sat May 27 00:01:58 +0800 2023,真的非到不想说话
Fri May 26 16:10:37 +0800 2023,超！痛车！
Fri May 26 17:04:58 +0800 2023,"哇，图2这种脸居然还有活着的,憧憬"
Fri Mar 31 18:01:23 +0800 2023,所以就是很完美啊
Fri Mar 31 18:01:22 +0800 2023,可以可以啊
Fri Mar 31 18:01:22 +0800 2023,很喜欢这个，不错
Fri Mar 31 18:01:22 +0800 2023,真的是
Fri Mar 31 18:01:21 +0800 2023,真的很不错
Tue May 16 13:45:11 +0800 2023,我靠 我打6600都开心半天
Tue May 16 12:39:06 +0800 2023,"？？？真实存在的伤害和票吗,苦涩"
Tue May 16 12:28:07 +0800 2023,"令人艳羡的面板,衰"
Tue May 16 12:17:38 +0800 2023,",doge"
Tue May 16 12:14:53 +0800 2023,？这是什么蓝绿修改器破解版抽卡🙏
Tue May 16 12:09:16 +0800 2023,夺少？
Tue May 16 11:17:55 +0800 2023,"厉害啊,赞"
Tue May 16 10:38:49 +0800 2023,"可以蹭蹭好友吗,悲伤"
Tue May 16 10:38:40 +0800 2023,"好多票子,开学季"
Tue May 16 10:33:17 +0800 2023,",舔屏"
Tue May 16 09:42:31 +0800 2023,"可以加个好友位嘛,泪"
Tue May 16 04:18:48 +0800 2023,"太强啦！,太开心"
Tue May 16 02:04:19 +0800 2023,"好厉害,送花花"
Tue May 16 00:49:39 +0800 2023,卧槽，
Tue May 16 00:49:28 +0800 2023,"妈呀好大的伤害,苦涩"
Tue May 16 00:37:00 +0800 2023,同一个世界，不同的希尔
Tue May 16 00:20:50 +0800 2023,"好强,开学季"
Tue May 16 00:13:38 +0800 2023,晕好强
Mon May 15 23:14:56 +0800 2023,好厉害！
Mon May 15 22:57:10 +0800 2023,"太强了,泪"
Mon May 22 19:02:47 +0800 2023,"能不能让孙晔老师也去隔壁营业一下啊,泪"
Mon May 22 14:24:19 +0800 2023,"月卡还有一天，停了立马白嫖，热情没了一大半了已经,微笑"
Mon May 22 13:04:46 +0800 2023,"每日体力请起码翻倍 现在每天5分钟下线,微笑"
Mon May 22 12:46:39 +0800 2023,"我靠你们居然请到了孙晔老师吗,送花花"
Mon May 22 12:36:51 +0800 2023,"<a href=""//s.weibo.com/weibo?q=%23%E5%B4%A9%E5%9D%8F%E6%98%9F%E7%A9%B9%E9%93%81%E9%81%93%23"" target=""_blank"">#崩坏星穹铁道#</a>多给点体力，还有抽卡能不能别歪了，副本材料掉落高阶几率低的要死，我50级打材料突破一个三阶材料打20次都不一定出一个"
Fri May 26 20:55:56 +0800 2023,要体力没体力，要活动没活动
Mon May 22 22:12:31 +0800 2023,"景元给我加强,可爱"
Mon May 22 18:19:07 +0800 2023,"能长草一个月的手游我也是大开眼界,允悲"
Mon May 22 14:27:06 +0800 2023,"体力回复慢不说，你看看你们培养个角色需要多少材料 掉落又少 副本消耗体力又多 180的体力才能刷几下副本,哼"
Mon May 22 13:14:29 +0800 2023,体力学学yys
Fri May 26 22:08:12 +0800 2023,"真的缺体力啊,泪"
Fri May 26 20:13:12 +0800 2023,加点体力吧，不够用
Fri May 26 20:12:53 +0800 2023,主线不更新吗？
Fri May 26 20:07:23 +0800 2023,"主线呢,哆啦A梦害怕"
Fri May 26 20:05:57 +0800 2023,主线呢？？？？就卡那了？？？
Fri May 26 19:39:41 +0800 2023,"<a href=""//s.weibo.com/weibo?q=%23%E5%B4%A9%E5%9D%8F%E6%98%9F%E7%A9%B9%E9%93%81%E9%81%93%23"" target=""_blank"">#崩坏星穹铁道#</a>9A6BHRKX4XNL"
Thu May 25 05:17:37 +0800 2023,体力真的不够用呀太少了
Tue May 23 16:05:09 +0800 2023,中午12点可以领取60体力，晚上6点可以领取60体力
Tue May 23 14:17:40 +0800 2023,能不能给点体力啊，刷遗器，行迹材料啥都要体力，遗器刷出来也不见得能用。真就啥都要体力了。。。。
Tue May 23 14:09:09 +0800 2023,遗器就不能给个洗炼功能吗天天爆些头鞋子手，衣服少一个没见到，就算出了衣服主词条也不见得是能用的，定制合成的材料也只有大月卡里才有。
Sat May 27 09:05:47 +0800 2023,40-50刷遗器50以后优先刷升级和行迹材料，甚至可以刷一些囤给60级以后用（之前在b站看到的，仅供参考）个人认为燃料不必留，有需要就用就行
Sat May 27 09:07:46 +0800 2023,刷也经常刷不到自己想要的套装，感觉像浪费了，还不如升级等级光锥和行迹，都是实打实的提升
Sat May 27 09:04:54 +0800 2023,想刷就刷，养成太慢了，50以后也是概率出双金不是必定
Sat May 27 09:04:26 +0800 2023,不用，想用就用
Sat May 27 09:44:03 +0800 2023,没能力刷遗器，角色，光锥，行迹，直接原地破产
Sat May 27 09:28:51 +0800 2023,燃料有了就用 如果非要追求高收益就等65级 但不建议
Fri May 26 20:34:23 +0800 2023,还行我专武歪了丫鸭
Fri May 26 20:29:59 +0800 2023,"我也是,老师好"
Fri May 26 21:07:48 +0800 2023,我也歪了如泥……不过如泥是除专武外最适合希儿的武器，一叠的伤害期望也比满叠星海巡航高很多
Fri May 26 20:49:44 +0800 2023,"我歪了姬子,苦涩"
Tue May 02 13:12:13 +0800 2023,你抢走了我的欧气是不是是不是是不是是不是是不是是不是是不是是不是是不是是不是
Tue May 02 13:22:07 +0800 2023,"我十抽出的希儿九抽出的专武,馋嘴"
Tue May 02 13:39:27 +0800 2023,"寿命这种东西啊，谁先用完谁先走对吧？,并不简单"
Tue May 02 14:24:00 +0800 2023,"尼玛。。。,裂开"
Tue May 02 13:31:58 +0800 2023,你该死呀
Tue May 02 18:10:24 +0800 2023,",泪"
Tue May 02 16:33:28 +0800 2023,"我哥帮我肝兼抽，现在有克拉拉，杰帕德，布洛妮娅和希儿,打call"
Wed May 03 00:04:59 +0800 2023,？准备接受审判吧！（暗鲨队麻烦集结一下） 
Tue May 02 16:25:22 +0800 2023,眼红了
Tue May 02 13:38:15 +0800 2023,"吸你欧气（上手狂抢）,抓狂"
Tue May 02 13:17:50 +0800 2023,",微笑"
Tue May 02 13:12:27 +0800 2023,"你这么欧会被举报的！！！,泪"
Wed May 03 20:46:05 +0800 2023,你抢走了我的欧气是不是是不是是不是是不是是不是是不是是不是是不是是不是是不是
Wed May 03 15:30:05 +0800 2023,"讨厌欧皇（七十四抽还歪了，常驻还是克拉拉的光锥，新手池吃满五十，唯一安慰我的就是歪了但彦卿，原神非星铁也非，世界...拒绝了我,微笑"
Tue May 02 14:59:06 +0800 2023,"75抽歪了克拉拉，现在垫了20抽毛都没有,泪"
Tue May 02 14:26:09 +0800 2023,",单身狗"
Tue May 02 14:12:23 +0800 2023,"我室友非酋一枚，抽了80抽没出就让我抽了，然后把大保底抽了，还歪了,委屈"
Tue May 02 14:12:05 +0800 2023,"吸吸,泪"
Tue May 02 19:58:46 +0800 2023,"27抽歪克拉拉 抽我姐的号单抽希儿,苦涩"
Tue May 02 15:21:06 +0800 2023,"吸吸吸吸,哈哈"
Fri May 26 23:47:13 +0800 2023,9A6BHRKX4XNL 
Sat May 27 10:43:52 +0800 2023,七老爷向官方反馈一下，为什么强化过的遗物和光锥不能分解并返还材料？
Sat May 27 05:13:56 +0800 2023,专票怎么领
Sat May 27 07:37:54 +0800 2023,啥叫不长草？开服一周就已经各种长草了，回合制直接抄开发世界的模式，各种材料还扣扣搜搜，遗器出货率还暗改
Sat May 27 07:09:39 +0800 2023,"五十级概率双金，五十五不还是跟五十一样吗？副本又没变,doge"
Sat May 27 07:05:57 +0800 2023,50级是概率双金，网上说30%
Mon May 15 22:54:10 +0800 2023,"太厉害了,开学季"
Mon May 15 22:43:01 +0800 2023,惊呆了🤯
Mon May 15 22:31:01 +0800 2023,"握草，太厉害了,送花花"
Mon May 15 22:20:06 +0800 2023,祝欧
Mon May 15 22:17:02 +0800 2023,太强啦！
Mon May 15 22:02:10 +0800 2023,"恭喜,打call"
Mon May 15 21:46:37 +0800 2023,"祝欧！,兔子"
Mon May 15 21:26:50 +0800 2023,"啊啊啊啊宝宝能求个好友位吗,哇"
Mon May 15 21:24:54 +0800 2023,"1030抽,傻眼"
Mon May 15 21:15:13 +0800 2023,"妈呀,送花花"
Mon May 15 21:12:14 +0800 2023,天那
Mon May 15 21:11:53 +0800 2023,"哇塞好厉害，祝欧呀,抱一抱"
Mon May 15 21:02:48 +0800 2023,",哆啦A梦害怕"
Mon May 15 20:50:21 +0800 2023,好强
Mon May 15 20:50:00 +0800 2023,好强!(趁乱薅走一把专票)
Mon May 15 20:36:03 +0800 2023,"多少专票？！！woc,哆啦A梦吃惊"
Mon May 15 20:26:20 +0800 2023,",苦涩"
Mon May 15 20:19:06 +0800 2023,"天哪……,求关注"
Mon May 15 20:10:18 +0800 2023,好厉害
Mon May 15 20:05:24 +0800 2023,"好厉害,赢牛奶"
Tue May 23 11:12:50 +0800 2023,"<a href=""//s.weibo.com/weibo?q=%23%E5%B4%A9%E5%9D%8F%E6%98%9F%E7%A9%B9%E9%93%81%E9%81%93%23"" target=""_blank"">#崩坏星穹铁道#</a>剧情没有以后 我从39干到了46 "
Tue May 23 01:45:41 +0800 2023,体力优化
Tue May 23 01:12:00 +0800 2023,"懂了，这是让咱们一队角色养一年呢，让咱们别抽卡了，抽了也养不起，他真的我哭死,泪"
Mon May 22 17:12:33 +0800 2023,"我要听孙晔老师说话,awsl"
Mon May 22 17:00:27 +0800 2023,不行啊这天要去看五月天演唱会，你能不能换一天
Mon May 22 16:47:44 +0800 2023,身为回合制，活动以及体力却那么少，根本无处可肝啊。单独一个深渊，也无法吸引我抽取角色。毕竟无论啥配置都只能几分钟清完体力然后下线，无事可做
Mon May 22 16:32:03 +0800 2023,"体力体力，本来感觉还行，自从昨天突破50级，所有的角色的养成材料明显很缺20个啊，20个啊,泪"
Mon May 22 16:24:59 +0800 2023,体力多给一点啊，还有强化遗物的材料给的抠抠搜搜，还照搬原神那套呢= =
Mon May 22 16:14:29 +0800 2023,"我已经预感到1.1的四十多天我又会长草2/30天,苦涩"
Mon May 22 15:42:35 +0800 2023,"你知道我有多缺体力吗,衰"
Mon May 22 15:27:29 +0800 2023,"每天上线五分钟 绝了,赞"
Mon May 22 15:22:21 +0800 2023,没体力寸步难行，不求你送，只求你们再斟酌优化一下
Mon May 22 15:12:49 +0800 2023,"要么修改体力限制 增加获取渠道 要么增加掉率  ,生病"
Mon May 22 14:43:32 +0800 2023,我说真的不开活动你送点体力吧，没天上线就5分钟
Mon May 22 13:59:56 +0800 2023,"难道前瞻有孙晔老师,开学季"
Mon May 22 13:38:09 +0800 2023,"<a href=""//s.weibo.com/weibo?q=%23%E5%B4%A9%E5%9D%8F%E6%98%9F%E7%A9%B9%E9%93%81%E9%81%93%23"" target=""_blank"">#崩坏星穹铁道#</a>能不能模拟宇宙难度往上也会给黑塔券，不然真的一周一券慢死"
Mon May 22 13:16:35 +0800 2023,"你可千万别学原那种五分钟的破事硬水一个小时的直播方式,笑cry"
Mon May 22 12:22:33 +0800 2023,"送我100抽,挤眼"
Mon May 22 12:12:36 +0800 2023,",doge"
Mon May 22 12:11:11 +0800 2023,孙晔老师要来?！
Sat May 27 01:00:05 +0800 2023,"啊这，一命克拉拉，还没完全拉起来,爱你"
Sat May 27 07:46:33 +0800 2023,安慰你，歪杨叔比别的好一些。我希望我能有杨叔这样二队也能组起来了
Sat May 27 07:56:02 +0800 2023,"我也是80抽歪的,泪"
Sat May 27 08:40:17 +0800 2023,"我80歪的姬子,悲伤"
Sat May 27 07:12:47 +0800 2023,"我也歪的杨叔 而且是八十多歪的,泪"
Sat May 27 06:37:05 +0800 2023,"我大保底46还没出,跪了"
Tue May 02 14:12:35 +0800 2023,80多抽保底还歪谁懂啊？
Tue May 02 17:22:03 +0800 2023,",微笑"
Tue May 02 15:32:45 +0800 2023,"我的欧气被你吸走了对吧？,苦涩"
Fri May 26 11:03:53 +0800 2023,我景元池子第90抽歪了鸭鸭，再抽了70抽才出一只景元
Fri May 26 16:04:51 +0800 2023,"不懂就问，哪个游戏出金不重置保底的,思考"
Fri May 26 11:04:03 +0800 2023,出金了保底会刷新
Fri May 26 11:01:59 +0800 2023,其实这游戏也就玩的一个热度。如果想一直玩还是换个游戏吧。毕竟这游戏不仅要你肝还要你氪金。尤其是刷直播感觉自己又行了。
Mon May 15 20:02:05 +0800 2023,好强！！
Mon May 15 20:01:10 +0800 2023,"我是真的抽不到拐 乌鱼子 这池子四星都演我,摊手"
Mon May 15 19:54:15 +0800 2023,祝欧！！！不过你这个抽数5555好牛！
Mon May 15 19:53:56 +0800 2023,好耶 祝欧
Mon May 15 19:41:11 +0800 2023,夺少？
Mon May 15 19:28:52 +0800 2023,大佬！！
Mon May 15 19:14:03 +0800 2023,",doge"
Mon May 15 19:06:02 +0800 2023,"来了,举手"
Mon May 15 19:03:34 +0800 2023,",傻眼"
Mon May 15 19:02:51 +0800 2023,"好强，我的希儿还在刮痧,苦涩"
Mon May 15 19:02:16 +0800 2023,1030我天呐
Mon May 15 18:59:48 +0800 2023,"蛙趣好强,哆啦A梦吃惊"
Mon May 15 18:57:44 +0800 2023,🙉🙉🙉啊，这么恐怖的伤害
Mon May 15 18:53:29 +0800 2023,好强
Mon May 15 18:50:50 +0800 2023,"好多票子，羡慕了,开学季"
Mon May 15 18:50:14 +0800 2023,我的码呀太厉害了，我立马加强我希儿装备去
Mon May 15 18:46:25 +0800 2023,太强了吧！
Mon May 15 18:46:00 +0800 2023,牛…
Mon May 15 18:42:19 +0800 2023,"哇,哇"
Mon May 15 18:41:12 +0800 2023,",哆啦A梦害怕"
Fri May 05 21:44:12 +0800 2023,"qq音乐点评：40星琼<a target=""_blank"" href=""//weibo.cn/sinaurl?u=https%3A%2F%2Fy.qq.com%2Fforest%2Ft3S2rcYLfwsuz8z5%2Findex.html%3FADATG%3Dhz_yx_xc_xqgd%26lang%3Dzh-cn%26plat_type%3Dandroid%26share_origin_id%3D401e749c-600c-42e8-8747-cde3684d42a2%26share_session_id%3D401e749c-600c-42e8-8747-cde3684d42a2%26ADTAG%3Dwxfshare""><img class=""icon-link"" src=""https://h5.sinaimg.cn/upload/2015/09/25/3/timeline_card_small_web_default.png""/>网页链接</a>"
Fri May 05 21:45:24 +0800 2023,"vx公众号签到15天，40星琼<a target=""_blank"" href=""//weibo.cn/sinaurl?u=https%3A%2F%2Fwebstatic.mihoyo.com%2Fsr%2Fevent%2Ffe-pointsmall-0qqlh2%2Findex.html""><img class=""icon-link"" src=""https://h5.sinaimg.cn/upload/2015/09/25/3/timeline_card_small_web_default.png""/>网页链接</a>"
Sat Apr 29 11:53:32 +0800 2023,新增支付宝绿色出行活动，40星琼
Fri Apr 28 02:28:34 +0800 2023,虎牙、斗鱼，观看20分钟直播，各30星琼
Fri Apr 28 02:08:40 +0800 2023,还有一个h5开拓指南活动哦，60星琼
Fri Apr 28 09:47:55 +0800 2023,好游快爆抽奖，80星穹
Fri Apr 28 00:02:37 +0800 2023,微博签到到几号
Fri May 05 12:58:21 +0800 2023,qq音乐：40星琼，抽奖50星穹
Mon May 01 13:09:29 +0800 2023,"还有几个隐藏的,允悲"
Fri Apr 28 01:37:25 +0800 2023,微信游戏圈那个怎么弄啊 谢谢谢谢！
Sat Apr 29 12:04:55 +0800 2023,"微博签到时间限制是几天？,doge"
Fri Apr 28 17:17:15 +0800 2023,电脑怎么搞？
Sat May 27 01:09:34 +0800 2023,1
Fri Apr 28 02:26:15 +0800 2023,",赢牛奶"
Fri Apr 28 01:38:20 +0800 2023,"好的,打call"
Wed May 17 23:41:37 +0800 2023,微博签到在哪？
Wed May 03 05:41:28 +0800 2023,为什么我找不到微博签到……
Sun Apr 30 17:06:05 +0800 2023,"还有几个隐藏的 在我弟一条,允悲"
Sat Apr 29 23:16:23 +0800 2023,"感谢博主，支付宝抽了一个光锥小卡,打call"
Fri May 26 23:35:02 +0800 2023,"原宝你凉了，速速发原石<a href=/n/原神 usercard=""name=@原神"">@原神</a>"
Thu May 25 23:19:16 +0800 2023,不会重制
Thu May 25 23:19:12 +0800 2023,对
Sat May 27 01:00:48 +0800 2023,50级肯定开大月卡了
Sat May 27 01:11:12 +0800 2023,你没用体力药吧，现在不急着升五十，过几天做每日就好了
Sat May 27 01:00:47 +0800 2023,"我发现猛刷材料升级快,doge"
Sat May 27 01:19:10 +0800 2023,任务全做完，宝箱全收，正常走就行，不用氪体力，两三天就50了，不着急
Sat May 27 01:19:16 +0800 2023,我也48每天就清体力就下线了[绮良良]
Fri May 26 18:00:16 +0800 2023,再抽几个试试，我也武器70多歪了姬子专武，又抽了十几抽出了景元专武
Sat May 27 07:43:47 +0800 2023,"好惨姐妹，我也是景元大保底专武保底,苦涩"
Fri May 26 17:58:18 +0800 2023,"抽卡就是这样子的,泪"
Mon May 15 18:30:18 +0800 2023,恭喜哇
Mon May 15 15:41:44 +0800 2023,"我堆我堆,苦涩"
Mon May 15 15:41:11 +0800 2023,"1030,悲伤"
Mon May 15 15:32:29 +0800 2023,这么牛
Tue May 16 08:21:08 +0800 2023,我寻思着60000不是有手就.............不好意思，我刚才声音大了
Tue May 16 06:03:38 +0800 2023,厉害了
Tue May 16 00:47:24 +0800 2023,"宝宝 我馋好友位,悲伤"
Mon May 15 21:42:29 +0800 2023,",打call"
Mon May 15 21:34:22 +0800 2023,大佬好6
Mon May 15 20:15:10 +0800 2023,"好多票,哆啦A梦吃惊"
Mon May 15 18:57:19 +0800 2023,"有希儿但是要攒着抽卡芙卡,泪"
Mon May 15 18:51:07 +0800 2023,啊啊啊啊啊！！！！！好羡慕！！！祝欧！！！顺便让我吸一口欧气！！！
Fri May 19 00:22:37 +0800 2023,",泪"
Thu May 18 10:53:41 +0800 2023,抽我…
Wed May 17 23:59:31 +0800 2023,wc，夺少？
Wed May 17 22:20:41 +0800 2023,好牛啊好多票票
Wed May 17 21:46:54 +0800 2023,好厉害！
Wed May 17 19:29:24 +0800 2023,"恭喜,送花花"
Wed May 17 19:29:02 +0800 2023,恭喜
Wed May 17 19:26:17 +0800 2023,",彩虹屁"
Mon May 22 14:18:23 +0800 2023,"<a href=/n/见你是冬 usercard=""name=@见你是冬"">@见你是冬</a>"
Wed May 03 00:59:46 +0800 2023,太恶心了
Sat May 27 01:46:08 +0800 2023,",泪"
Sat May 27 02:13:59 +0800 2023,cnm
Sat May 27 01:52:05 +0800 2023,唉我二十抽一命
Sat May 27 07:41:23 +0800 2023,9A6BHRKX4XNL 5S6BZ93E4WN8 TTNAYQ3FMF9U​
Fri May 26 21:50:14 +0800 2023,",doge"
Fri May 26 20:41:54 +0800 2023,"不是签到7天吗,疑问"
Fri May 26 20:38:18 +0800 2023,wcqp
Sat May 27 02:29:05 +0800 2023,"可以看看号的情况吗,羞嗒嗒"
Fri May 26 17:47:26 +0800 2023,最好不要吧，后期队伍没有四星位置的，都是主c、辅助、奶、盾
Fri May 26 17:48:17 +0800 2023,目前有混沌回忆需求的话就拉一拉，没需求练一队就行了
Fri May 26 17:51:32 +0800 2023,实在不行可以升素裳，针对弱物理的怪还挺好用的，丹恒就算了吧
Fri May 26 18:02:02 +0800 2023,看xp
Wed May 17 18:04:53 +0800 2023,"想蹭好友位加一,泪"
Wed May 17 17:56:33 +0800 2023,"祝欧,心"
Wed May 17 17:52:06 +0800 2023,恭喜
Wed May 17 17:22:17 +0800 2023,"妈呀好牛,泪"
Wed May 17 16:56:04 +0800 2023,好强！
Wed May 17 16:46:56 +0800 2023,抽
Wed May 17 16:45:03 +0800 2023,冲
Wed May 17 16:45:02 +0800 2023,好强
Wed May 17 16:36:46 +0800 2023,"好厉害！大佬！我能打10万都不错了,苦涩"
Wed May 17 16:35:15 +0800 2023,厉害
Wed May 17 15:52:00 +0800 2023,"亲这边建议您玩正版游戏呢,doge"
Wed May 17 15:19:24 +0800 2023,"好厉害,打call"
Wed May 17 15:18:43 +0800 2023,你快说你跟我玩的不是一个游戏！你快说呀
Wed May 17 14:56:29 +0800 2023,这么多人
Wed May 17 14:49:24 +0800 2023,"1000票… 这是氪了多少,笑cry"
Wed May 17 14:26:27 +0800 2023,蹲蹲月卡
Wed May 17 13:52:47 +0800 2023,强
Wed May 17 13:38:38 +0800 2023,好强
Wed May 17 13:37:47 +0800 2023,希望抽景元欧气满满
Wed May 17 13:29:36 +0800 2023,强无敌
Sat May 27 10:07:52 +0800 2023,"帖子是不是放错位置了,傻眼"
Sat May 27 10:10:28 +0800 2023,我反正xp抽卡等镜流
Sat May 27 10:10:06 +0800 2023,有主c就可以不抽啊
Fri May 26 21:01:27 +0800 2023,别再说自己的游戏是什么“番剧体验*了哥，哥们追番可不会两个月不更哈[交税]
Fri May 26 21:04:19 +0800 2023,"下个版本没主线吗,二哈"
Fri May 26 21:00:29 +0800 2023,太对了太对了太对
Wed May 17 13:26:37 +0800 2023,好强
Wed May 17 13:22:59 +0800 2023,"蹲蹲,哇"
Wed May 17 13:15:31 +0800 2023,"厉害,打call"
Wed May 17 13:13:27 +0800 2023,好强
Wed May 17 12:54:33 +0800 2023,厉害[团圆兔]
Wed May 17 12:10:37 +0800 2023,好强
Wed May 17 11:32:43 +0800 2023,"你肯定体验不到我们翻垃圾桶的快乐,苦涩"
Wed May 17 11:30:19 +0800 2023,",哇"
Wed May 17 11:29:25 +0800 2023,"真厉害,打call"
Wed May 17 10:10:31 +0800 2023,🐮
Wed May 17 10:09:30 +0800 2023,"你出6+5 我出0+1,爱你"
Wed May 17 09:59:22 +0800 2023,"想要支援,泪"
Wed May 17 09:35:48 +0800 2023,祝欧，欧气满满！！！
Wed May 17 09:32:10 +0800 2023,啊啊啊啊啊好牛
Wed May 17 09:30:46 +0800 2023,🫢好牛👍
Wed May 17 09:28:48 +0800 2023,",二哈"
Wed May 17 08:53:22 +0800 2023,小月卡！！！
Wed May 17 07:40:19 +0800 2023,我只有这个 
Wed May 17 07:13:51 +0800 2023,牛啊！
Wed May 17 07:13:22 +0800 2023,"祝欧,打call"
Fri May 26 17:31:44 +0800 2023,"我刚好第80抽出的，那会我都以为要歪了。,跪了"
Fri May 26 16:21:57 +0800 2023,"我也没,悲伤"
Sat May 27 09:50:33 +0800 2023,"生了生了，孩子生了，73抽没歪,单身狗"
Fri May 26 19:07:12 +0800 2023,"祝你不歪马上出，我66抽歪了他徒弟的,允悲"
Fri May 26 18:09:33 +0800 2023,快了快了
Fri May 26 17:27:16 +0800 2023,"没关系，马上出,doge"
Thu May 25 21:57:04 +0800 2023,这不是杨叔，这是瓦尔特·刘
Fri May 26 11:19:35 +0800 2023,"虽然但是，就强度而言没专武的景元能不能打赢杨叔都是问题,允悲"
Thu May 25 21:33:16 +0800 2023,"杨叔感觉伤害还挺高的,笑cry"
Thu May 25 17:18:13 +0800 2023,"我也景元歪杨叔，强氪的,衰"
Sat May 27 09:03:25 +0800 2023,姬子还不如换成火主
Sat May 27 08:58:59 +0800 2023,"被削了之后其实银狼从神变成了功能辅助,羞嗒嗒"
Sat May 27 08:49:31 +0800 2023,没事的。到50级以后你会过上比现在还一穷二白的日子——缺材料、缺信用点、缺体力。
Sat May 27 08:52:52 +0800 2023,"一般遗器是最后再刷，优先刷行迹材料和光锥材料，然后是角色突破材料，最后再刷遗器，只是50级之前打完前三项基本突破均衡了而已,二哈"
Sat May 27 08:22:28 +0800 2023,材料不够是正常的，我从前期到现在50级都还是缺
Sat May 27 08:32:17 +0800 2023,"开荒期严重缺材料资源金币,允悲"
Sat May 27 09:02:38 +0800 2023,我经验书不够，我打算把一些四星拉到60，搞一下常驻抽奖券
Fri May 26 20:39:41 +0800 2023,"然后模拟宇宙2过不去,苦涩"
Fri May 26 21:10:36 +0800 2023,"谢谢小宝们 选到啦,赢牛奶"
Fri May 26 20:48:49 +0800 2023,"可以为了你下个国际服  宝箱1r1个  任务60 前提你选我哈哈哈,doge"
Fri May 26 20:46:39 +0800 2023,60r升级，模拟宇宙二10r，现在可打
Fri May 26 20:44:46 +0800 2023,"这边20-23打包一起70，加上宇宙2一起80，选上就下国际服,开学季"
Sat May 27 00:09:56 +0800 2023,很容易被找回的，自己慢慢肝其实也不错[宵宫]开服送的也多
Sat May 27 00:03:21 +0800 2023,不建议买号，mhy的账号只要身份证不是你的，你改密码改邮箱都没用，他能弄回去
Wed May 17 06:20:55 +0800 2023,"哇这个票,哆啦A梦害怕"
Wed May 17 06:05:08 +0800 2023,祝欧
Wed May 17 02:02:45 +0800 2023,zhu祝好运！
Wed May 17 01:54:38 +0800 2023,大为震惊
Wed May 17 01:53:41 +0800 2023,",送花花"
Wed May 17 01:52:16 +0800 2023,图片评论 
Wed May 17 01:50:15 +0800 2023,"大佬请问是满命满精的希儿嘛,泪"
Wed May 17 01:48:05 +0800 2023,",哆啦A梦吃惊"
Wed May 17 01:17:50 +0800 2023,明天抽景元咯
Wed May 17 01:10:54 +0800 2023,",奋斗"
Wed May 17 00:54:46 +0800 2023,"牛大发了,打call"
Wed May 17 00:45:15 +0800 2023,厉害呀
Wed May 17 00:31:28 +0800 2023,好强！好氪！
Wed May 17 00:26:41 +0800 2023,🐮
Wed May 17 00:19:09 +0800 2023,夺少？
Wed May 17 00:05:05 +0800 2023,"夺少？,哆啦A梦害怕"
Wed May 17 00:04:14 +0800 2023,中
Wed May 17 00:02:47 +0800 2023,"妈耶这个伤害我想都不敢想,泪"
Tue May 16 23:52:32 +0800 2023,好厉害！！！
Tue May 16 23:38:12 +0800 2023,"60万？？,苦涩"
Fri May 26 11:21:55 +0800 2023,"我刷到这条不想问别的，只想问博主对于rng进世界赛的形势怎么分析,哆啦A梦吃惊"
Fri May 26 10:05:46 +0800 2023,"还好吧我觉得 毕竟我79出了姬子光锥,可爱"
Fri May 26 09:10:09 +0800 2023,我普池出的两个都是白露光锥，但是我没白露我也没说什么[交税]
Fri May 26 11:07:40 +0800 2023,"谁有我惨,哆啦A梦害怕"
Fri May 26 11:04:18 +0800 2023,你好  普池80出同协光锥
Fri May 26 12:25:09 +0800 2023,"我也是,苦涩"
Fri May 26 12:02:31 +0800 2023,"没事，我景元歪到二潜姬子，普池白露专武,酷"
Fri May 26 11:49:28 +0800 2023,"我普池第一个金是老杨，第二个金是老杨的光锥，这就是缘分吧,doge"
Fri May 26 11:27:15 +0800 2023,"哎   我已经75抽了,苦涩"
Fri May 26 11:04:24 +0800 2023,我啊 保底出五星专武也就算了还是奶妈 吐了
Fri May 26 17:59:39 +0800 2023,"蝴蝶把我消散了吧,苦涩"
Fri May 26 15:12:47 +0800 2023,"偶遇软粉,老师好"
Fri May 26 12:08:48 +0800 2023,还好吧。我常驻出了姬子光锥。但是我没姬子。景元还歪了布洛妮娅。
Fri May 26 11:48:45 +0800 2023,"我普池连着两个保底都是五星光锥,单身狗"
Fri May 26 11:18:06 +0800 2023,"我景元歪了白露一命,泪"
Fri May 26 11:13:52 +0800 2023,",单身狗"
Fri May 26 11:05:25 +0800 2023,"没有重复就是win,doge"
Fri May 26 10:11:23 +0800 2023,",哇"
Fri May 26 09:01:56 +0800 2023,"常驻八十抽出的克拉拉的专武,泪"
Fri May 26 22:06:08 +0800 2023,"前排,打call"
Sat May 27 11:21:36 +0800 2023,"好好好,贏牛奶"
Fri May 26 22:45:31 +0800 2023,"好耶，有100补偿,兔子"
Tue May 23 19:43:29 +0800 2023,歪了的话，你现在就是重新计算，90抽必出up角色
Tue May 23 19:43:45 +0800 2023,会，下次就是大保底必出
Sat May 27 00:01:58 +0800 2023,真的非到不想说话
Thu May 25 13:00:43 +0800 2023,"常驻81一张卡。。。随便来个人都可以但他给我一张卡,泪"
Thu May 25 12:50:13 +0800 2023,不充为赢 你要输吗
Thu May 25 12:54:14 +0800 2023,我跟你一样 但是按理来说开局up池子大保底是完全能够肝出来的  我景元就是吃了我76+78的大保底才来的
Thu May 25 12:58:30 +0800 2023,"我人大保底专武也歪了，就氪了张小月卡,睡"
Thu May 25 13:00:57 +0800 2023,"现在觉得小保底已经算好了，看我这种角色池歪了，专武池又歪了，真的是倾家荡产,拜拜"
Thu May 25 12:56:37 +0800 2023,抽不到就等复刻，也不是绝版的，我玩了一个月一次up池都没下过，全靠主角和四星打架。等遇到喜欢的角色全部梭哈，说不定可以满命满精 
Thu May 25 12:55:21 +0800 2023,"大号希儿+景元全是大保底，气得转开小号，欧多了,泪"
Thu May 25 12:54:43 +0800 2023,我一分没冲
Thu May 25 18:28:47 +0800 2023,那问题来了，开服到现在零氪都能嫖一个大保底＋半个小保底了，你的票去哪里呢？你才用了80抽啊。
Thu May 25 17:55:41 +0800 2023,我歪第一个直接重开了，现在至少现在很滋润
Thu May 25 13:18:24 +0800 2023,"两个up全是大保底出的，最后不够还氪了一单首冲,跪了"
Thu May 25 18:41:02 +0800 2023,一张小月卡加一个大月卡，如果没碰希儿的话，基本在景元池结束前是可以大保底➕一个专武的
Thu May 25 17:35:51 +0800 2023,"我新手池也50保底,允悲"
Fri May 26 13:21:30 +0800 2023,马上1.1了，又能有事干了
Thu May 25 21:03:31 +0800 2023,"等复刻。景元我下次复刻抽,吃瓜"
Thu May 25 18:10:23 +0800 2023,希儿景元都有，就是景元专武真没一点星琼抽了。一点没氪
Tue May 16 23:35:37 +0800 2023,"这是氪多少啊。。,色"
Tue May 16 23:34:32 +0800 2023,"钞能力,泪"
Tue May 16 23:33:25 +0800 2023,啊？
Tue May 16 23:30:02 +0800 2023,"等一下  多少,哆啦A梦害怕"
Tue May 16 23:28:41 +0800 2023,"夺，夺少？？？,哆啦A梦害怕"
Tue May 16 23:21:15 +0800 2023,"不信 除非借我用一下,doge"
Tue May 16 23:20:41 +0800 2023,好强！！！
Tue May 16 23:02:12 +0800 2023,好厉害
Tue May 16 23:00:45 +0800 2023,蹲蹲
Tue May 16 22:59:58 +0800 2023,"来蹲一下,舔屏"
Tue May 16 22:59:20 +0800 2023,"好厉害呜呜呜呜可以求一个好友位吗,苦涩"
Tue May 16 22:46:57 +0800 2023,"好厉害！！！,哇"
Tue May 16 22:42:33 +0800 2023,抽小月卡？拉低中奖率（B服真的抽的了吗）
Tue May 16 22:41:07 +0800 2023,"好厉害,泪"
Tue May 16 22:40:47 +0800 2023,好厉害！
Tue May 16 22:16:26 +0800 2023,"好强，这就是钞能力吗,羞嗒嗒"
Tue May 16 22:08:57 +0800 2023,"太牛了，有好友位吗,doge"
Tue May 16 22:02:37 +0800 2023,"好厉害,哇"
Tue May 16 22:02:33 +0800 2023,"可怕,哆啦A梦害怕"
Tue May 16 21:55:33 +0800 2023,牛牛牛
Fri May 26 18:12:34 +0800 2023,"白露和杰哥光锥,泪"
Fri May 26 16:42:36 +0800 2023,"出了两个布洛妮娅光锥我说什么了,允悲"
Fri May 26 15:29:42 +0800 2023,"我也是 单反正通用性很高 哪个奶都能用 能上场就不亏哈,允悲"
Fri May 26 15:05:17 +0800 2023,我普池72发克拉拉专武，up池79发克拉拉
Fri May 26 12:34:33 +0800 2023,我也一样..............我当时还以为出了奶妈..................哎........
Fri May 26 12:31:16 +0800 2023,"家人们，谁懂啊，普池200抽就给一个姬子,裂开"
Fri May 26 12:20:49 +0800 2023,哭了哭了。我也是。我甚至是八十发出的光椎
Fri May 26 12:07:16 +0800 2023,"你好，80保底同谐光椎，然而我一个同谐也没有练,苦涩"
Fri May 26 12:03:58 +0800 2023,"自己抽80抽才出景元，给朋友抽80抽歪成了彦卿,费解"
Fri May 26 12:02:40 +0800 2023,"同白露光锥,允悲"
Fri May 26 11:58:57 +0800 2023,"80出布洛妮娅光锥哈哈哈哈哈别管我啦,裂开"
Fri May 26 11:30:19 +0800 2023,"普池一个杰哥光锥，一个姬子光锥，普池是只有光锥吗？,悲伤"
Fri May 26 11:26:29 +0800 2023,"我当时以为哇好欧  找了半天没找到 才突然反应过来是光锥,泪"
Fri May 26 11:25:19 +0800 2023,"普池歪彦倾专武，希儿专武池又歪彦倾专武,苦涩"
Fri May 26 11:18:31 +0800 2023,"谢谢，三个池子三个姬子,蜡烛"
Fri May 26 11:14:49 +0800 2023,"81出克拉拉光锥没克拉拉,老师好"
Fri May 26 11:06:34 +0800 2023,"我也是,单身狗"
Fri May 26 11:06:18 +0800 2023,",二哈"
Sat May 27 02:34:38 +0800 2023,顺便问问忘却11 12，我贫瘠的box大概不够打等我养养（。）
Sat May 27 02:48:35 +0800 2023,"对不起对不起对不起我以为我的找到了发到帖子下面了的,苦涩"
Sat May 27 02:34:31 +0800 2023,"4r,打call"
Sat May 27 10:09:27 +0800 2023,"dd,doge"
Sat May 27 02:36:34 +0800 2023,一个号4 俩打包7 可直播主页信誉图
Sat May 27 10:53:27 +0800 2023,",悲伤"
Sat May 27 02:39:09 +0800 2023,两个号4/天（单清180）
Sat May 27 02:37:09 +0800 2023,8r蹲蹲
Sat May 27 02:34:08 +0800 2023,"3r扫码直播,亲亲"
Sat May 27 02:34:56 +0800 2023,"4r一天体委,心"
Sat May 27 02:35:34 +0800 2023,"0.5/局，4r，忘却15/层两层30包输出最大化，b站直播，支持各种登录，打完删号，资深代肝信誉有保障，已打400+单<a target=""_blank"" href=""https://m.weibo.cn/c/novelty/detail?card_id=7630952697176065""><img class=""icon-link"" src=""https://h5.sinaimg.cn/upload/2015/09/25/3/timeline_card_small_web_default.png""/>网页链接</a>"
Sat May 27 02:34:44 +0800 2023,"3r扫码立刻上线<a target=""_blank"" href=""https://m.weibo.cn/c/novelty/detail?card_id=7623577875062785""><img class=""icon-link"" src=""https://h5.sinaimg.cn/upload/2017/04/06/253/timeline_card_small_fresh-news_default.png""/>信誉图啊啊啊</a>"
Sat May 27 02:34:39 +0800 2023,"一个号2R B站直播扫码上号/验证码 主页信誉图<a target=""_blank"" href=""https://m.weibo.cn/c/novelty/detail?card_id=7638345245597697""><img class=""icon-link"" src=""https://h5.sinaimg.cn/upload/2017/04/06/253/timeline_card_small_fresh-news_default.png""/>顶顶的信誉图</a>"
Sat May 27 02:34:26 +0800 2023,"0.5r一把，4r,爱你"
Tue May 23 12:29:21 +0800 2023,10+90
Tue May 23 12:31:38 +0800 2023,不需要，下一个就是必up
Fri May 26 18:56:44 +0800 2023,带三月七100%过，实在不行可以找我
Tue May 16 21:49:10 +0800 2023,",开学季"
Tue May 16 21:25:29 +0800 2023,"太牛逼了,跪了"
Tue May 16 21:24:21 +0800 2023,"好耶,打call"
Tue May 16 21:22:32 +0800 2023,"抽！,doge"
Tue May 16 20:17:29 +0800 2023,大佬康康我！
Tue May 16 20:01:14 +0800 2023,厉害👍
Tue May 16 19:59:42 +0800 2023,OMG祝欧
Tue May 16 19:53:41 +0800 2023,"祝欧！冲冲冲,兔子"
Tue May 16 19:53:21 +0800 2023,恭喜恭喜
Tue May 16 19:45:52 +0800 2023,"太强了,泪"
Tue May 16 19:45:08 +0800 2023,"可以蹭好友位吗,苦涩"
Tue May 16 19:41:16 +0800 2023,好牛
Tue May 16 19:39:36 +0800 2023,"卧槽，怎么做到的,悲伤"
Tue May 16 19:39:00 +0800 2023,"蹭蹭欧气,awsl"
Tue May 16 19:37:33 +0800 2023,"我靠,求饶"
Tue May 16 19:35:24 +0800 2023,祝福
Tue May 16 18:56:23 +0800 2023,"太强了,哇"
Tue May 16 18:53:09 +0800 2023,"试试手气,doge"
Tue May 16 18:51:41 +0800 2023,太强了
Tue May 16 18:30:30 +0800 2023,"哇塞,打call"
Thu May 25 11:55:30 +0800 2023,",思考"
Thu May 25 12:25:04 +0800 2023,"其实我想问武器池歪了之后下一个金必定是up武器吗？我歪了了克拉拉光锥,泪"
Thu May 25 12:05:30 +0800 2023,"专武池子七十几抽出金还歪了  为了凑抽数 刚刚充了一个月卡 月卡领完就退游,微笑"
Thu May 25 11:53:57 +0800 2023,小保底算好的了
Thu May 25 15:51:06 +0800 2023,"我180+才出0+1，我恨mhy,爱你"
Thu May 25 12:11:29 +0800 2023,应该快出了
Thu May 25 11:52:39 +0800 2023,不懂，但是76+78也领不到啊
Fri May 26 13:25:27 +0800 2023,做好歪的心理准备吧，我氪了300捞武器保底歪了
Thu May 25 11:55:46 +0800 2023,可以找包抽
Fri May 26 13:22:27 +0800 2023,",允悲"
Thu May 25 12:59:18 +0800 2023,"刚60多抽歪了克拉拉专武。。真的一点点肝出来的,苦涩"
Fri May 26 10:06:38 +0800 2023,"我的是存护光锥,doge"
Fri May 26 09:01:25 +0800 2023,"常驻79出的彦卿专武,泪"
Fri May 26 08:54:56 +0800 2023,我78出了个我压根没有角色的虚无光锥，现在都还在压箱底
Fri May 26 08:51:21 +0800 2023,"浅浅安慰一下你,开学季"
Fri May 26 09:08:39 +0800 2023,"我不会告诉你我是武器池70抽歪的,泪"
Fri May 26 17:26:54 +0800 2023,"我先后出了两个,微笑"
Fri May 26 12:33:11 +0800 2023,"我77发出的，给娜塔莎了，感觉还不错,馋嘴"
Fri May 26 10:13:38 +0800 2023,"我常驻没有出过角色，目前出了彦卿和鸭鸭的专武,笑cry"
Fri May 26 08:54:22 +0800 2023,"86出的鸭鸭 最让人难过的是我没有鸭鸭我有白露,耶"
Fri May 26 12:11:58 +0800 2023,"出了桑博还不好,怒"
Fri May 26 10:12:13 +0800 2023,"我出俩了,泪"
Fri May 26 11:10:40 +0800 2023,"安慰一下你 普池出了俩老杨光锥,泪"
Fri May 26 16:46:59 +0800 2023,"我也是，出了同款白露专武,允悲"
Fri May 26 15:25:09 +0800 2023,我也是，我出的彦卿和杨得光锥，但我都没有
Fri May 26 14:49:15 +0800 2023,"我79除了第一个 现在150多抽了还没出金,泪"
Fri May 26 14:44:34 +0800 2023,"别骂了80抽出来了克拉拉的专武，我直骂人，关键克拉拉我还没有,爱你"
Fri May 26 14:38:20 +0800 2023,我也一样，接着又投了71抽把专武捞出来。
Fri May 26 12:35:54 +0800 2023,还好吧 毕竟我82杰纳德光锥
Fri May 26 12:27:48 +0800 2023,",嘻嘻"
Sat May 27 00:32:23 +0800 2023,"对不起我瞎了原来是bug那没事了,苦涩"
Sat May 27 00:06:11 +0800 2023,"再说单看这个数值它也没到30w啊,疑问"
Fri May 26 23:59:19 +0800 2023,"我怀疑可能剩下的是别的附加伤害，不算你自己打的,收到"
Sun May 21 14:47:14 +0800 2023,顺带出一个希儿1命，姬子+布洛妮娅。武器有杰哥跟老杨的。欧皇号平均出金在40抽上下。
Fri May 26 23:06:50 +0800 2023,"巡猎本我是一个紫都没掉过，反倒是丰饶本嘎嘎掉，这就是欧非守恒吗,泪"
Tue May 16 18:26:39 +0800 2023,这就素氪佬吗
Tue May 16 18:22:43 +0800 2023,祝欧
Tue May 16 18:22:40 +0800 2023,啊？
Tue May 16 18:22:36 +0800 2023,",送花花"
Tue May 16 18:18:48 +0800 2023,这就是壕佬吗
Tue May 16 18:14:45 +0800 2023,"太强了,打call"
Tue May 16 18:14:19 +0800 2023,"太强了,泪"
Tue May 16 18:12:20 +0800 2023,路过偷一半走
Tue May 16 18:05:38 +0800 2023,",酷"
Tue May 16 18:00:19 +0800 2023,啊？
Tue May 16 17:59:27 +0800 2023,看到p2瞳孔震惊
Tue May 16 17:55:40 +0800 2023,多少来着
Tue May 16 17:53:36 +0800 2023,啊？
Tue May 16 17:50:19 +0800 2023,"这个票根,泪"
Tue May 16 17:47:56 +0800 2023,"太强了，求个好友位,doge"
Tue May 16 17:05:02 +0800 2023,多少票？
Tue May 16 16:47:00 +0800 2023,太狠了吧
Tue May 16 16:35:15 +0800 2023,"中一下,老师好"
Tue May 16 16:29:39 +0800 2023,",哆啦A梦吃惊"
Thu May 25 10:51:39 +0800 2023,"不是姬子就好,笑cry"
Thu May 25 11:35:20 +0800 2023,"铁道银河之夜看着你,开学季"
Thu May 25 20:14:08 +0800 2023,我想要彦卿专武
Thu May 25 14:27:26 +0800 2023,"我景元池子歪了彦卿，常驻出了他的专武我还挺开心,笑cry"
Thu May 25 14:07:12 +0800 2023,丹恒狂喜
Thu May 25 12:08:37 +0800 2023,这个武器强度还是不错的，不亏
Thu May 25 12:03:24 +0800 2023,"我姬子专武,疑问"
Thu May 25 11:47:41 +0800 2023,"卧槽，我早上就是这个，气死我了,泪"
Thu May 25 11:35:59 +0800 2023,"我常驻一个姬子专武一个彦卿专武,怒"
Thu May 25 10:55:34 +0800 2023,"和我一模一样,泪"
Thu May 25 10:35:14 +0800 2023,"我常驻出了个姬子专武,微笑"
Fri May 26 12:15:53 +0800 2023,"79抽出了克拉拉光锥。。。我觉得普池出白杰克鸭杨都挺好的,苦涩"
Fri May 26 12:06:54 +0800 2023,",二哈"
Fri May 26 12:00:37 +0800 2023,"我也是,裂开"
Fri May 26 11:57:36 +0800 2023,"我…常驻两个光锥…….,苦涩"
Fri May 26 11:25:41 +0800 2023,"两个以世界之名的痛谁懂,苦涩"
Fri May 26 11:17:24 +0800 2023,"我和你一样，70保底出的白露光锥，后面20抽出了白露,开学季"
Fri May 26 11:16:00 +0800 2023,是我
Fri May 26 11:14:10 +0800 2023,是我没错了
Fri May 26 11:13:57 +0800 2023,我啊
Fri May 26 11:05:28 +0800 2023,"杰哥专武,酷"
Fri May 26 11:03:21 +0800 2023,"看我,开学季"
Fri May 26 17:03:56 +0800 2023,"我出的金坷垃光锥,汗"
Fri May 26 18:09:11 +0800 2023,"一样保底奶妈光锥，上一个保底板鸭光锥,笑cry"
Fri May 26 17:31:10 +0800 2023,84抽出的这个
Fri May 26 17:30:47 +0800 2023,",悲伤"
Fri May 26 17:06:46 +0800 2023,"新手池姬子，武器池歪姬子专武,苦涩"
Fri May 26 17:00:48 +0800 2023,"我出的姬子光锥唉,开学季"
Fri May 26 16:45:03 +0800 2023,"新手池出了白露，紧接着普池就出了白露专武,哇"
Fri May 26 16:43:19 +0800 2023,"新手池杨叔，常驻池保底还是老杨,泪"
Fri May 26 15:16:02 +0800 2023,"我普池已经俩保底了，都是光锥，还都是我没有的角色光锥,苦涩"
Sun May 21 10:54:32 +0800 2023,"不需要，正常70+,但有可能提前出，我今天就歪了老杨后提前出了"
Sun May 21 11:36:06 +0800 2023,正常保底大概是75左右吧
Sun May 21 10:55:07 +0800 2023,"80整歪的克拉拉 现在已经63了 还没出,单身狗"
Fri May 26 22:49:18 +0800 2023,5440好像
Fri May 26 22:49:50 +0800 2023,"5440,赢牛奶"
Tue May 16 15:58:29 +0800 2023,"亏贼 富婆vivo50,泪"
Tue May 16 15:54:23 +0800 2023,！是大佬！
Tue May 16 15:54:01 +0800 2023,我是分母
Tue May 16 15:52:47 +0800 2023,"吸一口……,doge"
Tue May 16 15:15:51 +0800 2023,",苦涩"
Tue May 16 15:12:06 +0800 2023,好牛
Tue May 16 15:09:25 +0800 2023,六..六十万！
Tue May 16 15:02:17 +0800 2023,"啊啊啊啊啊,送花花"
Tue May 16 15:01:14 +0800 2023,好厉害
Tue May 16 15:00:59 +0800 2023,"好…好强,抓狂"
Tue May 16 14:54:13 +0800 2023,"好强,跪了"
Tue May 16 14:44:09 +0800 2023,"好强,开学季"
Tue May 16 14:40:06 +0800 2023,",送花花"
Tue May 16 14:30:25 +0800 2023,许愿
Tue May 16 14:20:52 +0800 2023,"怎么做到的,泪"
Tue May 16 14:16:27 +0800 2023,大佬牛逼
Tue May 16 14:14:40 +0800 2023,太强了
Tue May 16 14:07:34 +0800 2023,"好强的佬,送花花"
Tue May 16 14:02:49 +0800 2023,"好强好强,苦涩"
Tue May 16 13:54:11 +0800 2023,"天，好强的佬,送花花"
Thu May 25 01:48:02 +0800 2023,"我150都还没出,太开心"
Thu May 25 01:29:05 +0800 2023,"你好，你感兴趣的“绮良良”已开通了超话社区～ 超话社区是微博旗下兴趣互动社区，快来与志同道合的小伙伴们一起交流互动吧！ 戳我进入&gt;&gt; <a href=""//s.weibo.com/weibo?q=%23%E7%BB%AE%E8%89%AF%E8%89%AF%5B%E8%B6%85%E8%AF%9D%5D%23"" target=""_blank""><a target=""_blank"" href=""https://weibo.com/p/1008084265ec487aba1685e91331b9427431be""><img class=""icon-link"" src=""https://h5.sinaimg.cn/upload/100/959/2020/05/09/timeline_card_small_super_default.png""/>绮良良超话</a></a>"
Fri May 26 18:22:47 +0800 2023,",doge"
Fri May 26 18:21:47 +0800 2023,平均50抽一个
Fri May 26 18:20:45 +0800 2023,173抽：彦卿，姬子，鸭鸭，白露，克拉拉，景元。没有专武
Fri May 26 19:49:52 +0800 2023,邮箱未绑定，单绑手机号，实名信息1960年的，可走平台  1命希儿＋白露老杨＋杰哥专武
Fri May 26 19:54:27 +0800 2023,"QQ邮箱可以吗,开学季"
Fri May 26 19:51:29 +0800 2023,"11可以吗,苦涩"
Fri May 26 20:12:50 +0800 2023,"11开头的 14级女主彦卿送邮,哇"
Sun May 21 03:04:00 +0800 2023,过剧情也是单独花钱的。
Sun May 21 03:12:03 +0800 2023,模拟宇宙最消耗时间倒是。
Sun May 21 08:36:30 +0800 2023,",doge"
Sun May 21 07:41:27 +0800 2023,"这肯定是你贪便宜找到不靠谱的了 你看我 嘎嘎靠谱,doge"
Sun May 21 03:05:08 +0800 2023,托管什么价格
Sun May 21 03:05:45 +0800 2023,"妈呀 星铁这么长草的游戏还能托管成这样…评价是不如让我来赚这30,阴险"
Sun May 21 08:02:07 +0800 2023,",哆啦A梦害怕"
Sun May 21 04:06:44 +0800 2023,",跪了"
Sun May 21 12:15:15 +0800 2023,"这玩意儿还需要托管那不如不玩游戏，这个肝度那么低，唯一的可玩性也就是养成了,汗"
Sun May 21 10:26:59 +0800 2023,"啊,哆啦A梦害怕"
Sun May 21 08:53:41 +0800 2023,"哪个不靠谱的啊能不能<a href=/n/出来避雷呀 usercard=""name=@出来避雷呀"">@出来避雷呀</a>,哼"
Sun May 21 08:30:33 +0800 2023,"崩坏：星穹铁道代肝  委托2r/天 包月50  体力3r/天 包月75  委托+体力包月110  黑塔空间站  主线+支线90   全宝箱80   主线 支线+宝箱140 雅利洛Ⅵ号  主线+支线140  全宝箱140 主线+支线+宝箱260 仙舟罗浮    主线+支线180  全宝箱170 主线+支线+宝箱320 纯手打 ,doge"
Sun May 21 07:58:41 +0800 2023,托管要先试用几天确定靠谱再长期
Sun May 21 03:58:26 +0800 2023,",允悲"
Sun May 21 08:42:19 +0800 2023,我的宝儿，下次让我来，比他便宜比他靠谱
Sun May 21 21:07:02 +0800 2023,离谱，托管这么懒他还做什么啊
Sun May 21 03:04:29 +0800 2023,",哆啦A梦害怕"
Sun May 21 03:03:27 +0800 2023,",哆啦A梦害怕"
Sun May 21 13:11:24 +0800 2023,"昨天才帮我姐看号练号顺便把宇宙从2打到6，他这我不好评价,二哈"
Sun May 21 10:55:23 +0800 2023,"铁道已经很好肝了啊，离谱,苦涩"
Tue May 16 13:52:36 +0800 2023,"好厉害,泪"
Tue May 16 13:40:34 +0800 2023,"我我我,苦涩"
Tue May 16 13:04:07 +0800 2023,一直没抽到希儿
Tue May 16 13:03:56 +0800 2023,"抽我,doge"
Tue May 16 12:52:20 +0800 2023,"什么富婆姐姐,老师好"
Tue May 16 12:33:25 +0800 2023,"比我多一百倍,doge"
Tue May 16 12:28:37 +0800 2023,呜呜呜羡慕了
Tue May 16 12:23:42 +0800 2023,这满命满精的吧
Tue May 16 12:19:15 +0800 2023,"试试手气,doge"
Tue May 16 12:18:17 +0800 2023,多少票？？
Tue May 16 12:16:53 +0800 2023,冲冲冲
Tue May 16 12:16:41 +0800 2023,冲冲冲
Tue May 16 12:16:28 +0800 2023,",苦涩"
Tue May 16 12:14:29 +0800 2023,"欧欧欧,彩虹屁"
Tue May 16 12:12:23 +0800 2023,666大佬
Tue May 16 12:11:42 +0800 2023,天哪
Tue May 16 12:09:54 +0800 2023,"抽我,打call"
Tue May 16 12:08:05 +0800 2023,"打劫！我不要你那六千多显得我太贪心，你一千多张一看就不值钱的黄色纸片分我一半就行,doge"
Tue May 16 11:57:02 +0800 2023,"佬,跪了"
Tue May 16 11:18:20 +0800 2023,666
Thu May 25 00:19:07 +0800 2023,"背景shoto,抱一抱"
Thu May 25 09:11:00 +0800 2023,"我歪了克拉拉,跪了"
Thu May 25 00:27:10 +0800 2023,"我一命姬子，没有不能玩的角色,抱抱"
Fri May 26 20:12:16 +0800 2023,一个版本一个小保底左右
